,date,open,high,low,close,volume
0,2024-05-02 09:15:00+05:30,826.9,831.0,825.0,830.05,327171
1,2024-05-02 09:16:00+05:30,830.45,831.2,829.5,830.65,220040
2,2024-05-02 09:17:00+05:30,830.6,833.0,830.4,832.65,191248
3,2024-05-02 09:18:00+05:30,832.85,833.4,831.1,832.65,282668
4,2024-05-02 09:19:00+05:30,832.85,833.0,831.5,832.0,153414
5,2024-05-02 09:20:00+05:30,831.7,832.0,828.85,830.0,215610
6,2024-05-02 09:21:00+05:30,830.05,830.25,828.05,830.0,227457
7,2024-05-02 09:22:00+05:30,830.0,830.1,828.5,829.1,126727
8,2024-05-02 09:23:00+05:30,829.05,829.55,828.5,829.1,96561
9,2024-05-02 09:24:00+05:30,829.2,830.6,828.8,830.4,112964
10,2024-05-02 09:25:00+05:30,830.25,831.65,829.55,831.45,174989
11,2024-05-02 09:26:00+05:30,831.3,832.0,830.65,831.35,140072
12,2024-05-02 09:27:00+05:30,831.45,831.5,827.1,829.0,315148
13,2024-05-02 09:28:00+05:30,829.15,830.05,828.3,828.95,114471
14,2024-05-02 09:29:00+05:30,828.95,829.2,828.5,828.9,68204
15,2024-05-02 09:30:00+05:30,828.95,829.65,828.0,829.45,83862
16,2024-05-02 09:31:00+05:30,829.45,830.0,829.1,829.95,65402
17,2024-05-02 09:32:00+05:30,829.95,830.25,829.0,829.1,81040
18,2024-05-02 09:33:00+05:30,829.05,829.6,828.75,829.5,50705
19,2024-05-02 09:34:00+05:30,829.5,829.7,829.0,829.7,24749
20,2024-05-02 09:35:00+05:30,829.7,829.9,829.45,829.8,36549
21,2024-05-02 09:36:00+05:30,829.8,829.8,828.7,829.65,1086664
22,2024-05-02 09:37:00+05:30,829.85,830.8,829.65,830.6,81390
23,2024-05-02 09:38:00+05:30,830.6,830.75,829.25,829.25,53058
24,2024-05-02 09:39:00+05:30,829.25,829.25,828.45,828.9,51552
25,2024-05-02 09:40:00+05:30,828.9,829.65,828.0,829.55,72724
26,2024-05-02 09:41:00+05:30,829.4,830.0,829.1,829.5,25197
27,2024-05-02 09:42:00+05:30,829.65,829.9,829.1,829.9,20876
28,2024-05-02 09:43:00+05:30,829.9,830.0,829.45,830.0,16652
29,2024-05-02 09:44:00+05:30,829.95,830.05,829.65,829.95,45459
30,2024-05-02 09:45:00+05:30,830.0,831.35,829.95,830.9,104084
31,2024-05-02 09:46:00+05:30,831.0,831.3,830.2,830.2,32454
32,2024-05-02 09:47:00+05:30,830.2,831.0,830.2,830.6,37464
33,2024-05-02 09:48:00+05:30,830.6,831.0,830.3,830.65,57769
34,2024-05-02 09:49:00+05:30,830.65,831.25,830.65,830.9,48307
35,2024-05-02 09:50:00+05:30,830.85,831.1,830.05,830.4,45039
36,2024-05-02 09:51:00+05:30,830.4,830.4,829.25,829.8,50276
37,2024-05-02 09:52:00+05:30,829.75,830.45,829.0,829.75,44437
38,2024-05-02 09:53:00+05:30,829.8,830.5,829.6,830.25,32138
39,2024-05-02 09:54:00+05:30,830.55,830.95,830.45,830.75,33282
40,2024-05-02 09:55:00+05:30,830.75,831.4,830.5,831.3,75120
41,2024-05-02 09:56:00+05:30,831.35,831.4,830.65,831.05,46562
42,2024-05-02 09:57:00+05:30,831.1,832.4,831.1,831.7,78054
43,2024-05-02 09:58:00+05:30,831.85,832.0,831.2,831.95,44160
44,2024-05-02 09:59:00+05:30,831.9,832.2,831.7,832.15,35098
45,2024-05-02 10:00:00+05:30,832.1,832.5,832.1,832.45,44936
46,2024-05-02 10:01:00+05:30,832.45,833.0,832.25,832.9,91571
47,2024-05-02 10:02:00+05:30,832.9,833.4,832.75,832.75,62475
48,2024-05-02 10:03:00+05:30,832.75,832.75,831.35,832.0,55119
49,2024-05-02 10:04:00+05:30,832.0,832.35,831.55,831.75,40561
50,2024-05-02 10:05:00+05:30,831.7,832.4,831.55,832.3,29863
51,2024-05-02 10:06:00+05:30,832.1,833.3,832.0,832.9,43335
52,2024-05-02 10:07:00+05:30,832.9,833.35,832.8,833.15,35704
53,2024-05-02 10:08:00+05:30,833.05,833.2,832.4,832.9,42332
54,2024-05-02 10:09:00+05:30,832.85,833.65,832.7,833.45,57503
55,2024-05-02 10:10:00+05:30,833.5,833.75,833.2,833.55,63888
56,2024-05-02 10:11:00+05:30,833.65,833.7,833.15,833.5,36570
57,2024-05-02 10:12:00+05:30,833.4,833.65,832.4,832.9,39385
58,2024-05-02 10:13:00+05:30,832.9,833.7,832.75,833.35,58037
59,2024-05-02 10:14:00+05:30,833.35,833.45,832.5,833.45,35057
60,2024-05-02 10:15:00+05:30,833.3,833.5,833.1,833.4,18525
61,2024-05-02 10:16:00+05:30,833.4,833.45,832.8,833.2,42541
62,2024-05-02 10:17:00+05:30,833.25,833.25,832.5,832.85,27511
63,2024-05-02 10:18:00+05:30,832.5,833.25,832.5,833.1,40194
64,2024-05-02 10:19:00+05:30,833.2,833.2,832.6,832.75,14650
65,2024-05-02 10:20:00+05:30,832.75,832.95,831.3,831.3,68902
66,2024-05-02 10:21:00+05:30,831.35,832.3,831.15,832.2,31469
67,2024-05-02 10:22:00+05:30,832.25,832.25,831.5,831.8,20933
68,2024-05-02 10:23:00+05:30,831.9,832.0,831.55,832.0,32254
69,2024-05-02 10:24:00+05:30,831.95,832.0,831.3,831.35,28424
70,2024-05-02 10:25:00+05:30,831.3,831.7,831.2,831.65,17843
71,2024-05-02 10:26:00+05:30,831.35,831.95,831.35,831.8,17480
72,2024-05-02 10:27:00+05:30,831.75,832.0,831.65,831.9,19767
73,2024-05-02 10:28:00+05:30,831.95,832.5,831.95,832.1,21297
74,2024-05-02 10:29:00+05:30,832.05,832.5,832.0,832.25,59813
75,2024-05-02 10:30:00+05:30,832.45,832.8,832.2,832.4,27698
76,2024-05-02 10:31:00+05:30,832.4,833.1,832.2,833.1,55212
77,2024-05-02 10:32:00+05:30,833.1,833.9,833.0,833.65,61245
78,2024-05-02 10:33:00+05:30,833.8,833.9,832.45,832.55,49940
79,2024-05-02 10:34:00+05:30,832.75,833.1,832.3,832.35,42576
80,2024-05-02 10:35:00+05:30,832.35,832.75,832.0,832.55,49829
81,2024-05-02 10:36:00+05:30,832.5,832.65,831.9,832.2,22757
82,2024-05-02 10:37:00+05:30,831.95,832.75,831.85,832.25,37144
83,2024-05-02 10:38:00+05:30,832.1,833.0,832.1,833.0,15197
84,2024-05-02 10:39:00+05:30,833.0,833.15,832.55,832.75,24415
85,2024-05-02 10:40:00+05:30,832.9,832.9,832.05,832.75,28302
86,2024-05-02 10:41:00+05:30,832.9,832.9,832.1,832.65,36559
87,2024-05-02 10:42:00+05:30,832.7,832.8,832.0,832.7,33236
88,2024-05-02 10:43:00+05:30,832.45,832.9,832.3,832.6,21285
89,2024-05-02 10:44:00+05:30,832.6,833.0,832.5,832.95,19379
90,2024-05-02 10:45:00+05:30,832.85,832.85,831.7,831.7,82401
91,2024-05-02 10:46:00+05:30,831.75,831.75,831.4,831.55,119738
92,2024-05-02 10:47:00+05:30,831.5,831.8,831.4,831.5,86956
93,2024-05-02 10:48:00+05:30,831.55,832.05,831.2,831.5,147896
94,2024-05-02 10:49:00+05:30,831.5,831.95,831.5,831.65,45758
95,2024-05-02 10:50:00+05:30,831.95,832.0,831.4,831.75,56254
96,2024-05-02 10:51:00+05:30,831.75,831.85,831.4,831.45,54079
97,2024-05-02 10:52:00+05:30,831.4,831.45,830.8,830.95,70747
98,2024-05-02 10:53:00+05:30,830.95,831.55,830.6,831.55,54513
99,2024-05-02 10:54:00+05:30,831.6,831.6,831.0,831.25,31707
100,2024-05-02 10:55:00+05:30,831.5,831.55,830.95,831.3,40567
101,2024-05-02 10:56:00+05:30,831.3,831.5,830.9,831.0,70430
102,2024-05-02 10:57:00+05:30,831.0,831.45,830.8,831.3,41907
103,2024-05-02 10:58:00+05:30,831.0,831.5,830.75,830.8,31746
104,2024-05-02 10:59:00+05:30,830.8,831.1,830.6,830.85,48258
105,2024-05-02 11:00:00+05:30,830.85,831.4,830.55,831.0,85839
106,2024-05-02 11:01:00+05:30,831.0,831.45,830.95,831.35,45520
107,2024-05-02 11:02:00+05:30,831.05,831.4,830.85,831.1,40639
108,2024-05-02 11:03:00+05:30,831.1,831.5,831.0,831.25,25377
109,2024-05-02 11:04:00+05:30,831.5,831.5,830.8,831.0,51851
110,2024-05-02 11:05:00+05:30,831.0,831.35,830.8,831.05,30479
111,2024-05-02 11:06:00+05:30,830.95,831.35,830.9,831.15,52912
112,2024-05-02 11:07:00+05:30,831.1,831.35,830.8,831.05,29198
113,2024-05-02 11:08:00+05:30,831.25,831.45,830.7,830.8,30101
114,2024-05-02 11:09:00+05:30,830.8,831.05,829.5,830.5,201727
115,2024-05-02 11:10:00+05:30,830.35,831.0,830.0,830.8,80570
116,2024-05-02 11:11:00+05:30,830.8,831.05,830.3,830.65,83752
117,2024-05-02 11:12:00+05:30,830.7,830.9,830.2,830.35,40918
118,2024-05-02 11:13:00+05:30,830.35,830.6,830.2,830.45,70678
119,2024-05-02 11:14:00+05:30,830.3,830.5,829.5,829.6,63139
120,2024-05-02 11:15:00+05:30,829.65,830.15,829.25,829.8,144309
121,2024-05-02 11:16:00+05:30,829.8,829.8,828.9,829.25,93902
122,2024-05-02 11:17:00+05:30,829.3,829.55,828.65,828.95,83666
123,2024-05-02 11:18:00+05:30,829.2,829.2,828.05,828.65,128026
124,2024-05-02 11:19:00+05:30,828.25,828.8,827.9,828.75,48844
125,2024-05-02 11:20:00+05:30,828.8,829.3,828.55,829.3,18231
126,2024-05-02 11:21:00+05:30,829.2,829.3,829.0,829.05,11837
127,2024-05-02 11:22:00+05:30,829.0,829.05,829.0,829.05,43561
128,2024-05-02 11:23:00+05:30,828.85,829.0,828.85,828.9,28122
129,2024-05-02 11:24:00+05:30,828.9,829.25,828.85,829.0,41365
130,2024-05-02 11:25:00+05:30,829.0,829.3,829.0,829.25,14409
131,2024-05-02 11:26:00+05:30,829.25,829.45,829.0,829.0,37206
132,2024-05-02 11:27:00+05:30,829.05,829.5,829.0,829.25,30793
133,2024-05-02 11:28:00+05:30,829.5,830.7,829.25,830.55,43296
134,2024-05-02 11:29:00+05:30,830.55,831.5,830.3,831.5,38222
135,2024-05-02 11:30:00+05:30,831.5,831.5,831.2,831.3,20202
136,2024-05-02 11:31:00+05:30,831.3,832.0,831.2,831.75,49880
137,2024-05-02 11:32:00+05:30,831.85,833.0,831.8,832.8,97383
138,2024-05-02 11:33:00+05:30,832.95,833.0,832.55,832.65,40052
139,2024-05-02 11:34:00+05:30,832.65,832.95,832.3,832.55,23995
140,2024-05-02 11:35:00+05:30,832.55,832.9,832.2,832.25,40910
141,2024-05-02 11:36:00+05:30,832.4,832.8,832.2,832.7,15811
142,2024-05-02 11:37:00+05:30,832.75,832.9,832.25,832.25,22597
143,2024-05-02 11:38:00+05:30,832.75,832.8,832.5,832.65,18697
144,2024-05-02 11:39:00+05:30,832.65,832.9,832.4,832.55,15397
145,2024-05-02 11:40:00+05:30,832.6,832.9,832.35,832.7,14213
146,2024-05-02 11:41:00+05:30,832.4,832.8,831.7,831.8,27930
147,2024-05-02 11:42:00+05:30,832.0,832.0,831.55,831.95,10155
148,2024-05-02 11:43:00+05:30,831.85,832.2,831.6,832.0,19798
149,2024-05-02 11:44:00+05:30,832.0,832.0,831.35,831.35,12455
150,2024-05-02 11:45:00+05:30,831.25,831.55,831.1,831.35,9823
151,2024-05-02 11:46:00+05:30,831.55,831.55,830.55,830.7,33730
152,2024-05-02 11:47:00+05:30,830.5,830.9,830.3,830.75,10950
153,2024-05-02 11:48:00+05:30,830.7,830.9,830.65,830.85,7910
154,2024-05-02 11:49:00+05:30,830.85,831.45,830.75,831.45,21932
155,2024-05-02 11:50:00+05:30,831.3,831.9,831.25,831.7,12346
156,2024-05-02 11:51:00+05:30,831.7,831.8,831.0,831.35,16216
157,2024-05-02 11:52:00+05:30,831.35,831.85,831.0,831.6,25599
158,2024-05-02 11:53:00+05:30,831.6,831.6,831.0,831.2,12287
159,2024-05-02 11:54:00+05:30,831.2,831.4,830.55,830.95,25807
160,2024-05-02 11:55:00+05:30,830.7,830.95,830.4,830.5,20205
161,2024-05-02 11:56:00+05:30,830.5,830.65,830.25,830.5,9212
162,2024-05-02 11:57:00+05:30,830.5,831.05,830.45,831.05,13235
163,2024-05-02 11:58:00+05:30,831.05,831.05,830.1,830.5,24934
164,2024-05-02 11:59:00+05:30,830.5,830.9,830.45,830.65,7189
165,2024-05-02 12:00:00+05:30,830.6,830.85,830.5,830.75,9191
166,2024-05-02 12:01:00+05:30,830.75,830.85,830.45,830.7,10509
167,2024-05-02 12:02:00+05:30,830.7,830.7,830.05,830.15,11677
168,2024-05-02 12:03:00+05:30,830.1,830.35,830.0,830.05,17464
169,2024-05-02 12:04:00+05:30,830.0,830.35,829.9,830.2,74042
170,2024-05-02 12:05:00+05:30,830.2,830.3,830.0,830.25,11108
171,2024-05-02 12:06:00+05:30,830.25,830.5,830.1,830.25,13678
172,2024-05-02 12:07:00+05:30,830.2,830.45,829.9,830.15,85511
173,2024-05-02 12:08:00+05:30,830.0,830.5,830.0,830.2,12369
174,2024-05-02 12:09:00+05:30,830.0,830.4,829.9,829.95,36680
175,2024-05-02 12:10:00+05:30,829.9,830.0,829.7,829.85,48151
176,2024-05-02 12:11:00+05:30,829.8,830.15,829.75,829.9,17129
177,2024-05-02 12:12:00+05:30,829.85,830.25,829.8,830.05,31088
178,2024-05-02 12:13:00+05:30,830.05,830.25,829.95,829.95,13728
179,2024-05-02 12:14:00+05:30,830.0,830.35,829.75,830.15,20336
180,2024-05-02 12:15:00+05:30,830.3,830.35,829.95,830.0,19589
181,2024-05-02 12:16:00+05:30,830.0,830.2,829.8,830.1,24450
182,2024-05-02 12:17:00+05:30,830.0,830.25,829.8,829.9,17508
183,2024-05-02 12:18:00+05:30,829.9,830.2,829.6,830.2,87092
184,2024-05-02 12:19:00+05:30,830.2,830.2,830.0,830.0,38543
185,2024-05-02 12:20:00+05:30,830.0,830.4,829.95,830.2,25746
186,2024-05-02 12:21:00+05:30,830.25,830.25,829.9,830.0,22421
187,2024-05-02 12:22:00+05:30,830.25,830.3,830.0,830.1,19263
188,2024-05-02 12:23:00+05:30,830.2,830.3,830.0,830.3,15621
189,2024-05-02 12:24:00+05:30,830.0,830.3,830.0,830.2,6482
190,2024-05-02 12:25:00+05:30,830.25,830.5,829.85,830.0,124840
191,2024-05-02 12:26:00+05:30,830.0,830.25,829.75,830.0,39454
192,2024-05-02 12:27:00+05:30,830.1,830.25,829.85,830.0,26438
193,2024-05-02 12:28:00+05:30,830.0,830.25,829.9,830.2,18447
194,2024-05-02 12:29:00+05:30,830.2,830.75,830.05,830.6,62627
195,2024-05-02 12:30:00+05:30,830.5,831.35,830.3,831.35,31008
196,2024-05-02 12:31:00+05:30,831.05,831.4,830.55,831.4,76680
197,2024-05-02 12:32:00+05:30,831.3,831.45,831.0,831.0,21640
198,2024-05-02 12:33:00+05:30,831.2,831.2,830.75,830.9,13176
199,2024-05-02 12:34:00+05:30,830.9,831.0,830.7,830.9,4899
200,2024-05-02 12:35:00+05:30,830.8,830.95,830.7,830.8,13186
201,2024-05-02 12:36:00+05:30,830.85,830.85,830.4,830.55,10344
202,2024-05-02 12:37:00+05:30,830.55,830.7,830.05,830.25,23942
203,2024-05-02 12:38:00+05:30,830.25,830.45,830.1,830.15,11863
204,2024-05-02 12:39:00+05:30,830.1,830.45,830.0,830.1,13593
205,2024-05-02 12:40:00+05:30,830.1,830.6,830.05,830.3,7868
206,2024-05-02 12:41:00+05:30,830.3,830.75,830.25,830.35,15657
207,2024-05-02 12:42:00+05:30,830.35,830.5,830.0,830.35,29616
208,2024-05-02 12:43:00+05:30,830.35,830.35,830.0,830.2,18547
209,2024-05-02 12:44:00+05:30,830.05,830.45,829.8,830.3,70645
210,2024-05-02 12:45:00+05:30,830.3,830.7,830.25,830.45,15602
211,2024-05-02 12:46:00+05:30,830.45,830.45,829.0,829.75,139086
212,2024-05-02 12:47:00+05:30,829.75,830.25,829.5,830.05,39432
213,2024-05-02 12:48:00+05:30,830.0,830.15,829.9,830.0,10945
214,2024-05-02 12:49:00+05:30,830.0,830.15,829.75,830.0,11857
215,2024-05-02 12:50:00+05:30,830.1,830.25,829.75,830.05,23670
216,2024-05-02 12:51:00+05:30,830.05,830.5,830.05,830.4,17614
217,2024-05-02 12:52:00+05:30,830.5,830.5,830.0,830.1,11029
218,2024-05-02 12:53:00+05:30,830.1,830.45,830.05,830.4,9186
219,2024-05-02 12:54:00+05:30,830.4,830.55,830.35,830.45,10867
220,2024-05-02 12:55:00+05:30,830.45,830.7,830.35,830.65,9721
221,2024-05-02 12:56:00+05:30,830.65,831.0,830.55,830.75,17190
222,2024-05-02 12:57:00+05:30,830.9,831.0,830.7,830.85,6078
223,2024-05-02 12:58:00+05:30,830.95,831.0,830.25,830.4,18444
224,2024-05-02 12:59:00+05:30,830.3,830.4,830.0,830.0,11594
225,2024-05-02 13:00:00+05:30,830.05,830.6,830.0,830.45,14269
226,2024-05-02 13:01:00+05:30,830.35,830.65,830.05,830.3,12923
227,2024-05-02 13:02:00+05:30,830.1,830.45,830.05,830.3,8126
228,2024-05-02 13:03:00+05:30,830.25,830.6,830.05,830.4,10912
229,2024-05-02 13:04:00+05:30,830.4,830.5,830.35,830.45,6267
230,2024-05-02 13:05:00+05:30,830.4,830.5,830.0,830.2,32773
231,2024-05-02 13:06:00+05:30,830.05,830.3,829.95,830.2,23611
232,2024-05-02 13:07:00+05:30,830.2,830.3,830.0,830.2,11786
233,2024-05-02 13:08:00+05:30,830.15,830.7,830.0,830.65,14665
234,2024-05-02 13:09:00+05:30,830.6,830.75,830.4,830.65,11741
235,2024-05-02 13:10:00+05:30,830.65,830.75,830.45,830.7,13233
236,2024-05-02 13:11:00+05:30,830.65,830.7,830.0,830.4,16597
237,2024-05-02 13:12:00+05:30,830.55,830.55,830.0,830.2,8879
238,2024-05-02 13:13:00+05:30,830.2,830.4,830.0,830.25,39551
239,2024-05-02 13:14:00+05:30,830.3,830.3,830.0,830.0,23512
240,2024-05-02 13:15:00+05:30,830.05,830.3,830.0,830.3,10291
241,2024-05-02 13:16:00+05:30,830.3,830.5,830.0,830.5,23228
242,2024-05-02 13:17:00+05:30,830.3,830.7,830.15,830.6,23828
243,2024-05-02 13:18:00+05:30,830.6,830.7,830.1,830.45,9149
244,2024-05-02 13:19:00+05:30,830.4,830.7,830.2,830.7,8236
245,2024-05-02 13:20:00+05:30,830.6,830.7,830.25,830.55,8668
246,2024-05-02 13:21:00+05:30,830.5,830.8,830.5,830.7,14245
247,2024-05-02 13:22:00+05:30,830.7,830.9,830.5,830.55,9766
248,2024-05-02 13:23:00+05:30,830.5,830.85,830.5,830.85,9339
249,2024-05-02 13:24:00+05:30,830.8,830.95,830.7,830.75,7644
250,2024-05-02 13:25:00+05:30,830.75,830.9,830.55,830.75,7579
251,2024-05-02 13:26:00+05:30,830.75,831.3,830.7,831.3,40442
252,2024-05-02 13:27:00+05:30,831.4,832.0,831.1,831.6,72216
253,2024-05-02 13:28:00+05:30,831.3,831.8,831.25,831.7,9049
254,2024-05-02 13:29:00+05:30,831.6,831.75,830.8,830.95,14575
255,2024-05-02 13:30:00+05:30,830.8,831.1,830.5,830.5,9932
256,2024-05-02 13:31:00+05:30,830.5,830.7,830.05,830.15,17330
257,2024-05-02 13:32:00+05:30,830.15,830.6,830.0,830.25,11506
258,2024-05-02 13:33:00+05:30,830.2,830.5,830.0,830.0,89318
259,2024-05-02 13:34:00+05:30,830.0,830.25,830.0,830.05,5295
260,2024-05-02 13:35:00+05:30,830.1,830.2,829.9,830.05,16423
261,2024-05-02 13:36:00+05:30,830.05,830.1,829.9,829.95,19661
262,2024-05-02 13:37:00+05:30,830.05,830.4,829.9,829.9,20822
263,2024-05-02 13:38:00+05:30,829.9,830.2,829.9,830.2,16695
264,2024-05-02 13:39:00+05:30,830.2,830.5,830.0,830.3,25566
265,2024-05-02 13:40:00+05:30,830.15,830.35,830.1,830.1,6245
266,2024-05-02 13:41:00+05:30,830.1,830.6,830.1,830.4,1031481
267,2024-05-02 13:42:00+05:30,830.4,830.85,830.3,830.65,27111
268,2024-05-02 13:43:00+05:30,830.7,831.0,830.6,830.65,34731
269,2024-05-02 13:44:00+05:30,830.65,831.0,830.6,830.7,11461
270,2024-05-02 13:45:00+05:30,830.7,831.25,830.7,830.8,45364
271,2024-05-02 13:46:00+05:30,830.65,832.1,830.65,831.6,107551
272,2024-05-02 13:47:00+05:30,831.65,831.95,831.6,831.9,23990
273,2024-05-02 13:48:00+05:30,831.9,831.9,831.15,831.25,21597
274,2024-05-02 13:49:00+05:30,831.2,831.75,831.15,831.45,12674
275,2024-05-02 13:50:00+05:30,831.55,832.25,831.45,832.25,37542
276,2024-05-02 13:51:00+05:30,832.15,832.4,832.0,832.3,34252
277,2024-05-02 13:52:00+05:30,832.3,832.3,830.75,831.1,32823
278,2024-05-02 13:53:00+05:30,831.2,831.2,831.0,831.2,10905
279,2024-05-02 13:54:00+05:30,831.1,831.25,830.8,830.85,15824
280,2024-05-02 13:55:00+05:30,830.85,831.2,830.65,830.65,21589
281,2024-05-02 13:56:00+05:30,830.5,830.75,830.5,830.5,9353
282,2024-05-02 13:57:00+05:30,830.55,830.8,830.1,830.1,25918
283,2024-05-02 13:58:00+05:30,830.1,830.3,829.9,830.0,68719
284,2024-05-02 13:59:00+05:30,830.0,830.5,830.0,830.2,23175
285,2024-05-02 14:00:00+05:30,830.2,830.35,829.9,830.0,39635
286,2024-05-02 14:01:00+05:30,830.0,830.25,830.0,830.15,16875
287,2024-05-02 14:02:00+05:30,830.15,830.2,830.0,830.05,17174
288,2024-05-02 14:03:00+05:30,830.0,830.1,829.6,829.7,58880
289,2024-05-02 14:04:00+05:30,829.65,830.2,829.6,830.0,51444
290,2024-05-02 14:05:00+05:30,830.0,830.3,830.0,830.0,20290
291,2024-05-02 14:06:00+05:30,830.0,830.25,830.0,830.05,19484
292,2024-05-02 14:07:00+05:30,830.15,830.3,830.0,830.05,18323
293,2024-05-02 14:08:00+05:30,830.0,830.3,829.95,830.3,33566
294,2024-05-02 14:09:00+05:30,830.1,830.25,830.0,830.0,16486
295,2024-05-02 14:10:00+05:30,830.05,830.1,829.9,830.05,38442
296,2024-05-02 14:11:00+05:30,830.0,830.1,829.9,829.95,27330
297,2024-05-02 14:12:00+05:30,829.9,830.05,829.9,830.0,42119
298,2024-05-02 14:13:00+05:30,829.95,830.0,829.75,829.85,38247
299,2024-05-02 14:14:00+05:30,829.85,829.95,829.75,829.75,35001
300,2024-05-02 14:15:00+05:30,829.8,829.95,829.75,829.75,39791
301,2024-05-02 14:16:00+05:30,829.8,830.15,829.65,829.65,47224
302,2024-05-02 14:17:00+05:30,829.7,829.9,829.45,829.9,166239
303,2024-05-02 14:18:00+05:30,829.85,830.45,829.75,830.25,79462
304,2024-05-02 14:19:00+05:30,830.35,830.9,829.9,830.05,84885
305,2024-05-02 14:20:00+05:30,830.0,830.75,829.9,830.05,25862
306,2024-05-02 14:21:00+05:30,830.05,830.35,829.9,830.1,27948
307,2024-05-02 14:22:00+05:30,830.05,830.3,829.9,829.95,32835
308,2024-05-02 14:23:00+05:30,829.95,830.45,829.9,830.25,38751
309,2024-05-02 14:24:00+05:30,830.15,830.35,829.75,829.75,26943
310,2024-05-02 14:25:00+05:30,829.75,830.25,829.7,830.0,64126
311,2024-05-02 14:26:00+05:30,830.0,830.25,830.0,830.05,26052
312,2024-05-02 14:27:00+05:30,830.05,830.3,829.55,829.7,32973
313,2024-05-02 14:28:00+05:30,829.75,829.95,829.35,829.65,46264
314,2024-05-02 14:29:00+05:30,829.7,829.8,829.45,829.8,36632
315,2024-05-02 14:30:00+05:30,829.75,829.9,829.25,829.25,29904
316,2024-05-02 14:31:00+05:30,829.3,829.85,829.25,829.85,32353
317,2024-05-02 14:32:00+05:30,829.85,831.0,829.3,830.3,111287
318,2024-05-02 14:33:00+05:30,830.35,830.35,829.55,830.05,32162
319,2024-05-02 14:34:00+05:30,830.1,830.7,830.05,830.2,28977
320,2024-05-02 14:35:00+05:30,830.25,830.35,829.85,830.05,35911
321,2024-05-02 14:36:00+05:30,830.05,830.2,829.65,829.95,30131
322,2024-05-02 14:37:00+05:30,829.95,830.15,829.8,829.85,34194
323,2024-05-02 14:38:00+05:30,829.95,830.05,829.65,829.75,32663
324,2024-05-02 14:39:00+05:30,829.7,829.95,829.5,829.6,40451
325,2024-05-02 14:40:00+05:30,829.6,830.35,829.55,830.0,41773
326,2024-05-02 14:41:00+05:30,830.05,830.1,829.7,829.8,25902
327,2024-05-02 14:42:00+05:30,829.75,829.8,829.4,829.45,40084
328,2024-05-02 14:43:00+05:30,829.5,829.6,829.4,829.5,27230
329,2024-05-02 14:44:00+05:30,829.5,829.75,829.45,829.65,28736
330,2024-05-02 14:45:00+05:30,829.7,830.45,829.7,830.25,32171
331,2024-05-02 14:46:00+05:30,830.25,830.45,830.0,830.1,28698
332,2024-05-02 14:47:00+05:30,830.1,830.2,829.55,829.55,30534
333,2024-05-02 14:48:00+05:30,829.5,830.2,829.5,829.7,70754
334,2024-05-02 14:49:00+05:30,829.75,830.0,829.65,829.75,21806
335,2024-05-02 14:50:00+05:30,829.85,830.25,829.8,829.85,54683
336,2024-05-02 14:51:00+05:30,829.95,830.35,829.9,830.05,32512
337,2024-05-02 14:52:00+05:30,830.1,830.35,830.0,830.3,15166
338,2024-05-02 14:53:00+05:30,830.3,830.65,830.0,830.25,24401
339,2024-05-02 14:54:00+05:30,830.25,830.35,830.0,830.05,18146
340,2024-05-02 14:55:00+05:30,830.05,830.45,830.0,830.05,31398
341,2024-05-02 14:56:00+05:30,830.25,830.35,829.9,829.95,32150
342,2024-05-02 14:57:00+05:30,829.9,830.15,829.8,829.8,32172
343,2024-05-02 14:58:00+05:30,829.85,830.1,829.75,830.0,26236
344,2024-05-02 14:59:00+05:30,830.0,830.05,829.75,829.75,33296
345,2024-05-02 15:00:00+05:30,829.75,830.45,829.7,829.7,141996
346,2024-05-02 15:01:00+05:30,829.65,830.2,829.15,830.2,165447
347,2024-05-02 15:02:00+05:30,830.15,830.5,829.9,830.35,131049
348,2024-05-02 15:03:00+05:30,830.3,830.6,829.95,830.0,113473
349,2024-05-02 15:04:00+05:30,829.9,830.05,829.4,830.05,155447
350,2024-05-02 15:05:00+05:30,830.0,830.5,829.8,830.1,116824
351,2024-05-02 15:06:00+05:30,829.85,830.5,829.85,830.0,100404
352,2024-05-02 15:07:00+05:30,830.1,830.25,829.9,830.2,131543
353,2024-05-02 15:08:00+05:30,830.1,830.5,829.9,830.05,148004
354,2024-05-02 15:09:00+05:30,830.0,830.5,830.0,830.5,94638
355,2024-05-02 15:10:00+05:30,830.55,830.55,829.9,830.3,89154
356,2024-05-02 15:11:00+05:30,830.15,830.75,830.0,830.0,80789
357,2024-05-02 15:12:00+05:30,829.95,830.7,829.85,830.1,96874
358,2024-05-02 15:13:00+05:30,830.05,830.2,829.75,830.2,121779
359,2024-05-02 15:14:00+05:30,830.2,830.2,829.8,830.15,98158
360,2024-05-02 15:15:00+05:30,830.05,830.25,829.9,830.15,103786
361,2024-05-02 15:16:00+05:30,830.15,830.2,829.85,830.0,112600
362,2024-05-02 15:17:00+05:30,830.0,830.1,829.8,830.0,97966
363,2024-05-02 15:18:00+05:30,830.0,830.3,829.9,830.05,125121
364,2024-05-02 15:19:00+05:30,830.0,830.55,829.8,830.2,109384
365,2024-05-02 15:20:00+05:30,830.55,830.55,829.8,829.95,134705
366,2024-05-02 15:21:00+05:30,829.85,830.15,829.85,829.95,85879
367,2024-05-02 15:22:00+05:30,829.95,830.1,829.95,830.05,73049
368,2024-05-02 15:23:00+05:30,830.0,830.05,829.95,830.05,60937
369,2024-05-02 15:24:00+05:30,830.0,830.1,829.95,830.05,79521
370,2024-05-02 15:25:00+05:30,830.05,830.25,829.95,830.0,72924
371,2024-05-02 15:26:00+05:30,830.0,830.05,829.95,830.0,59238
372,2024-05-02 15:27:00+05:30,830.0,830.2,829.95,830.0,55657
373,2024-05-02 15:28:00+05:30,830.0,830.2,829.9,830.05,47133
374,2024-05-02 15:29:00+05:30,830.05,830.4,829.95,830.25,37293
375,2024-05-03 09:15:00+05:30,834.8,834.8,832.05,833.65,168492
376,2024-05-03 09:16:00+05:30,833.9,834.15,832.0,833.0,82883
377,2024-05-03 09:17:00+05:30,833.2,833.3,831.45,831.75,82633
378,2024-05-03 09:18:00+05:30,831.75,832.85,831.65,832.15,59501
379,2024-05-03 09:19:00+05:30,832.15,833.45,832.05,833.3,45151
380,2024-05-03 09:20:00+05:30,833.0,833.35,832.2,832.2,64186
381,2024-05-03 09:21:00+05:30,832.1,832.5,832.0,832.5,37652
382,2024-05-03 09:22:00+05:30,832.5,833.0,832.45,832.8,66920
383,2024-05-03 09:23:00+05:30,832.8,833.6,832.7,833.4,38682
384,2024-05-03 09:24:00+05:30,833.4,834.0,833.2,833.8,55243
385,2024-05-03 09:25:00+05:30,833.8,833.85,833.1,833.3,26344
386,2024-05-03 09:26:00+05:30,833.3,833.55,833.25,833.5,21850
387,2024-05-03 09:27:00+05:30,833.5,833.5,833.0,833.2,74592
388,2024-05-03 09:28:00+05:30,833.15,833.4,833.0,833.05,39394
389,2024-05-03 09:29:00+05:30,833.05,833.8,833.0,833.75,39689
390,2024-05-03 09:30:00+05:30,833.6,834.3,833.55,833.7,73115
391,2024-05-03 09:31:00+05:30,833.9,834.0,833.65,833.9,16547
392,2024-05-03 09:32:00+05:30,833.9,834.75,833.9,834.35,58776
393,2024-05-03 09:33:00+05:30,834.45,834.5,833.7,834.15,35601
394,2024-05-03 09:34:00+05:30,834.1,835.5,834.05,835.05,75909
395,2024-05-03 09:35:00+05:30,835.0,836.2,834.95,835.35,89775
396,2024-05-03 09:36:00+05:30,835.35,836.05,834.65,835.0,86047
397,2024-05-03 09:37:00+05:30,834.95,835.25,834.2,834.55,67931
398,2024-05-03 09:38:00+05:30,834.25,834.75,833.6,834.0,49537
399,2024-05-03 09:39:00+05:30,834.05,834.4,833.1,833.15,60884
400,2024-05-03 09:40:00+05:30,833.5,833.75,833.0,833.55,38305
401,2024-05-03 09:41:00+05:30,833.2,833.9,833.2,833.75,22299
402,2024-05-03 09:42:00+05:30,833.5,833.6,833.0,833.05,66738
403,2024-05-03 09:43:00+05:30,833.0,833.5,833.0,833.45,26143
404,2024-05-03 09:44:00+05:30,833.15,834.0,833.15,833.5,20737
405,2024-05-03 09:45:00+05:30,833.5,833.7,833.0,833.0,46692
406,2024-05-03 09:46:00+05:30,833.0,833.3,833.0,833.15,27490
407,2024-05-03 09:47:00+05:30,833.05,833.25,833.0,833.05,131815
408,2024-05-03 09:48:00+05:30,833.0,833.35,833.0,833.05,28220
409,2024-05-03 09:49:00+05:30,833.0,833.25,832.0,833.0,119940
410,2024-05-03 09:50:00+05:30,833.05,833.75,832.55,832.85,123478
411,2024-05-03 09:51:00+05:30,832.85,833.45,832.6,833.25,37383
412,2024-05-03 09:52:00+05:30,833.25,834.85,832.75,834.7,32488
413,2024-05-03 09:53:00+05:30,834.45,834.65,834.0,834.35,36167
414,2024-05-03 09:54:00+05:30,834.3,835.2,833.8,834.9,52332
415,2024-05-03 09:55:00+05:30,834.95,835.4,834.55,834.8,21474
416,2024-05-03 09:56:00+05:30,834.65,835.0,834.5,834.9,16013
417,2024-05-03 09:57:00+05:30,834.9,835.0,834.0,834.0,101715
418,2024-05-03 09:58:00+05:30,834.2,834.6,833.6,834.35,101289
419,2024-05-03 09:59:00+05:30,834.3,834.65,833.5,833.6,16585
420,2024-05-03 10:00:00+05:30,833.6,834.15,833.0,833.6,42762
421,2024-05-03 10:01:00+05:30,833.6,833.9,832.85,833.0,117913
422,2024-05-03 10:02:00+05:30,833.0,833.4,833.0,833.25,117973
423,2024-05-03 10:03:00+05:30,833.25,833.25,832.65,832.95,112660
424,2024-05-03 10:04:00+05:30,832.9,833.0,832.6,832.65,19291
425,2024-05-03 10:05:00+05:30,832.95,833.4,832.0,832.0,161761
426,2024-05-03 10:06:00+05:30,832.25,832.65,832.0,832.1,91850
427,2024-05-03 10:07:00+05:30,832.2,832.75,832.0,832.4,54923
428,2024-05-03 10:08:00+05:30,832.3,832.8,832.05,832.05,26316
429,2024-05-03 10:09:00+05:30,832.0,832.8,832.0,832.4,21377
430,2024-05-03 10:10:00+05:30,832.25,832.5,832.0,832.25,85085
431,2024-05-03 10:11:00+05:30,832.05,832.4,832.0,832.0,240641
432,2024-05-03 10:12:00+05:30,832.0,832.3,832.0,832.05,26108
433,2024-05-03 10:13:00+05:30,832.05,832.5,832.0,832.0,144695
434,2024-05-03 10:14:00+05:30,832.05,832.25,831.9,832.05,46015
435,2024-05-03 10:15:00+05:30,832.15,832.2,831.0,831.4,131977
436,2024-05-03 10:16:00+05:30,831.5,831.55,831.0,831.1,234430
437,2024-05-03 10:17:00+05:30,830.7,831.35,829.9,830.0,573343
438,2024-05-03 10:18:00+05:30,830.0,830.7,829.65,830.0,254120
439,2024-05-03 10:19:00+05:30,830.0,830.4,829.05,829.1,230975
440,2024-05-03 10:20:00+05:30,829.05,829.7,829.0,829.15,68352
441,2024-05-03 10:21:00+05:30,829.1,829.3,828.95,829.05,93915
442,2024-05-03 10:22:00+05:30,829.1,829.3,828.7,829.1,434950
443,2024-05-03 10:23:00+05:30,829.0,829.55,829.0,829.3,75298
444,2024-05-03 10:24:00+05:30,829.05,830.0,829.05,829.65,42519
445,2024-05-03 10:25:00+05:30,829.65,829.95,829.3,829.85,46345
446,2024-05-03 10:26:00+05:30,829.85,830.0,829.1,829.4,24257
447,2024-05-03 10:27:00+05:30,829.6,829.95,829.0,829.3,23246
448,2024-05-03 10:28:00+05:30,829.5,829.5,828.0,828.15,49862
449,2024-05-03 10:29:00+05:30,828.15,828.65,827.9,828.65,48676
450,2024-05-03 10:30:00+05:30,828.25,828.85,828.05,828.85,32628
451,2024-05-03 10:31:00+05:30,828.9,829.5,828.6,829.5,33320
452,2024-05-03 10:32:00+05:30,829.25,829.9,829.0,829.65,26113
453,2024-05-03 10:33:00+05:30,829.9,830.0,829.05,829.3,85075
454,2024-05-03 10:34:00+05:30,829.5,830.0,829.4,829.8,33791
455,2024-05-03 10:35:00+05:30,829.9,830.0,829.5,829.7,48607
456,2024-05-03 10:36:00+05:30,829.55,830.0,829.5,829.95,31447
457,2024-05-03 10:37:00+05:30,829.75,830.0,829.5,829.65,33492
458,2024-05-03 10:38:00+05:30,829.5,829.85,829.0,829.0,23635
459,2024-05-03 10:39:00+05:30,829.0,829.6,829.0,829.0,92509
460,2024-05-03 10:40:00+05:30,829.0,829.2,828.7,829.0,236004
461,2024-05-03 10:41:00+05:30,829.0,829.7,829.0,829.2,41162
462,2024-05-03 10:42:00+05:30,829.35,830.0,829.25,829.55,35934
463,2024-05-03 10:43:00+05:30,829.7,830.0,829.25,829.75,22007
464,2024-05-03 10:44:00+05:30,829.75,829.95,829.15,829.6,13825
465,2024-05-03 10:45:00+05:30,829.25,829.75,829.15,829.5,13013
466,2024-05-03 10:46:00+05:30,829.45,829.5,829.0,829.0,13992
467,2024-05-03 10:47:00+05:30,829.0,829.55,829.0,829.3,23119
468,2024-05-03 10:48:00+05:30,829.3,829.3,829.0,829.0,18119
469,2024-05-03 10:49:00+05:30,829.0,830.0,829.0,829.65,125501
470,2024-05-03 10:50:00+05:30,829.6,829.95,829.2,829.6,27443
471,2024-05-03 10:51:00+05:30,829.6,829.65,828.1,828.25,183063
472,2024-05-03 10:52:00+05:30,828.3,829.0,828.0,828.65,31676
473,2024-05-03 10:53:00+05:30,828.9,829.2,828.55,829.1,33467
474,2024-05-03 10:54:00+05:30,829.05,829.25,828.2,828.4,19864
475,2024-05-03 10:55:00+05:30,828.4,829.1,828.0,828.2,66595
476,2024-05-03 10:56:00+05:30,828.25,828.5,828.05,828.3,9883
477,2024-05-03 10:57:00+05:30,828.35,828.35,827.4,828.0,267267
478,2024-05-03 10:58:00+05:30,828.05,828.45,828.0,828.2,67688
479,2024-05-03 10:59:00+05:30,828.0,828.2,828.0,828.1,48204
480,2024-05-03 11:00:00+05:30,828.15,828.2,828.0,828.2,47583
481,2024-05-03 11:01:00+05:30,828.15,828.5,828.0,828.5,46350
482,2024-05-03 11:02:00+05:30,828.4,828.9,828.25,828.3,21449
483,2024-05-03 11:03:00+05:30,828.35,828.55,828.0,828.0,41604
484,2024-05-03 11:04:00+05:30,828.05,828.4,828.0,828.15,26896
485,2024-05-03 11:05:00+05:30,828.0,828.5,828.0,828.4,9466
486,2024-05-03 11:06:00+05:30,828.45,828.9,828.05,828.35,16931
487,2024-05-03 11:07:00+05:30,828.3,828.6,828.0,828.05,14712
488,2024-05-03 11:08:00+05:30,828.0,828.5,828.0,828.0,22691
489,2024-05-03 11:09:00+05:30,828.0,828.35,828.0,828.05,35682
490,2024-05-03 11:10:00+05:30,828.1,828.2,828.0,828.0,17359
491,2024-05-03 11:11:00+05:30,828.0,828.45,828.0,828.4,11812
492,2024-05-03 11:12:00+05:30,828.15,828.5,828.0,828.0,18967
493,2024-05-03 11:13:00+05:30,828.15,828.6,828.0,828.05,20825
494,2024-05-03 11:14:00+05:30,828.1,828.35,828.0,828.05,15489
495,2024-05-03 11:15:00+05:30,828.05,828.4,828.0,828.05,11429
496,2024-05-03 11:16:00+05:30,828.05,828.25,827.45,827.45,30092
497,2024-05-03 11:17:00+05:30,827.6,827.75,826.55,827.0,119871
498,2024-05-03 11:18:00+05:30,827.0,827.2,827.0,827.05,240933
499,2024-05-03 11:19:00+05:30,827.05,827.1,827.0,827.0,74753
500,2024-05-03 11:20:00+05:30,827.05,827.1,827.0,827.0,86478
501,2024-05-03 11:21:00+05:30,827.0,827.05,826.0,826.05,108978
502,2024-05-03 11:22:00+05:30,826.05,826.25,825.5,826.0,93400
503,2024-05-03 11:23:00+05:30,826.05,826.35,825.95,826.05,232635
504,2024-05-03 11:24:00+05:30,826.0,826.35,826.0,826.05,135331
505,2024-05-03 11:25:00+05:30,826.15,826.8,826.15,826.2,23295
506,2024-05-03 11:26:00+05:30,826.3,826.9,826.3,826.5,15770
507,2024-05-03 11:27:00+05:30,826.55,827.0,826.3,826.3,20576
508,2024-05-03 11:28:00+05:30,826.6,827.0,826.3,826.65,19162
509,2024-05-03 11:29:00+05:30,826.65,826.8,826.0,826.05,23624
510,2024-05-03 11:30:00+05:30,826.1,826.45,826.0,826.1,49351
511,2024-05-03 11:31:00+05:30,826.1,826.4,826.0,826.0,38445
512,2024-05-03 11:32:00+05:30,826.0,826.4,826.0,826.1,47700
513,2024-05-03 11:33:00+05:30,826.1,826.5,826.0,826.1,17684
514,2024-05-03 11:34:00+05:30,826.1,826.3,826.0,826.05,25016
515,2024-05-03 11:35:00+05:30,826.05,826.1,824.65,825.2,113748
516,2024-05-03 11:36:00+05:30,825.0,825.2,825.0,825.0,106656
517,2024-05-03 11:37:00+05:30,825.0,825.1,824.45,825.0,125900
518,2024-05-03 11:38:00+05:30,825.0,825.05,825.0,825.0,52198
519,2024-05-03 11:39:00+05:30,825.0,825.15,825.0,825.1,71759
520,2024-05-03 11:40:00+05:30,825.0,825.25,825.0,825.05,72046
521,2024-05-03 11:41:00+05:30,825.0,825.35,825.0,825.1,67183
522,2024-05-03 11:42:00+05:30,825.0,825.7,825.0,825.0,142030
523,2024-05-03 11:43:00+05:30,825.45,825.6,824.0,824.5,104883
524,2024-05-03 11:44:00+05:30,824.25,824.6,823.8,824.15,32710
525,2024-05-03 11:45:00+05:30,824.1,824.5,824.0,824.3,39875
526,2024-05-03 11:46:00+05:30,824.25,824.25,823.6,823.6,515957
527,2024-05-03 11:47:00+05:30,823.65,824.0,823.0,823.05,96392
528,2024-05-03 11:48:00+05:30,823.0,823.2,822.8,823.05,302949
529,2024-05-03 11:49:00+05:30,823.0,823.15,823.0,823.05,67408
530,2024-05-03 11:50:00+05:30,823.05,823.35,822.1,822.1,157889
531,2024-05-03 11:51:00+05:30,822.1,822.3,822.0,822.1,61565
532,2024-05-03 11:52:00+05:30,822.05,822.8,822.0,822.05,50598
533,2024-05-03 11:53:00+05:30,822.05,823.0,822.0,822.5,31628
534,2024-05-03 11:54:00+05:30,822.2,822.75,822.0,822.5,31173
535,2024-05-03 11:55:00+05:30,822.5,823.0,822.1,822.5,43117
536,2024-05-03 11:56:00+05:30,822.5,823.35,822.5,823.1,28078
537,2024-05-03 11:57:00+05:30,823.0,823.5,822.75,823.0,17211
538,2024-05-03 11:58:00+05:30,823.0,823.6,822.5,823.55,16029
539,2024-05-03 11:59:00+05:30,823.55,823.65,822.3,822.45,79686
540,2024-05-03 12:00:00+05:30,822.6,822.75,822.0,822.4,46540
541,2024-05-03 12:01:00+05:30,822.55,822.6,821.5,821.5,454628
542,2024-05-03 12:02:00+05:30,821.4,821.8,821.0,821.6,104344
543,2024-05-03 12:03:00+05:30,821.6,822.4,821.0,822.15,44433
544,2024-05-03 12:04:00+05:30,822.35,822.45,821.45,822.25,32195
545,2024-05-03 12:05:00+05:30,822.35,822.9,821.55,822.3,75258
546,2024-05-03 12:06:00+05:30,822.05,822.65,821.45,821.45,52791
547,2024-05-03 12:07:00+05:30,821.45,821.95,820.85,821.25,211392
548,2024-05-03 12:08:00+05:30,821.4,821.8,821.0,821.45,210173
549,2024-05-03 12:09:00+05:30,821.45,821.45,820.2,820.7,230833
550,2024-05-03 12:10:00+05:30,820.7,820.9,820.0,820.4,72623
551,2024-05-03 12:11:00+05:30,820.35,820.8,820.1,820.45,16694
552,2024-05-03 12:12:00+05:30,820.35,821.95,820.0,821.95,26994
553,2024-05-03 12:13:00+05:30,821.95,822.0,821.0,821.4,10918
554,2024-05-03 12:14:00+05:30,821.3,821.9,821.3,821.7,15446
555,2024-05-03 12:15:00+05:30,821.7,822.0,821.25,821.95,20074
556,2024-05-03 12:16:00+05:30,821.95,822.85,821.7,822.4,32676
557,2024-05-03 12:17:00+05:30,822.4,823.95,822.4,823.5,27790
558,2024-05-03 12:18:00+05:30,823.25,824.0,823.1,823.7,19456
559,2024-05-03 12:19:00+05:30,823.7,824.0,823.35,823.6,17230
560,2024-05-03 12:20:00+05:30,823.6,824.35,823.6,824.35,31179
561,2024-05-03 12:21:00+05:30,824.0,824.75,823.9,824.5,24840
562,2024-05-03 12:22:00+05:30,824.4,825.2,824.4,825.0,36401
563,2024-05-03 12:23:00+05:30,825.15,825.35,824.4,824.7,30601
564,2024-05-03 12:24:00+05:30,824.7,824.7,823.55,823.55,29574
565,2024-05-03 12:25:00+05:30,823.55,824.85,823.55,824.05,62658
566,2024-05-03 12:26:00+05:30,824.05,824.4,822.45,822.7,127064
567,2024-05-03 12:27:00+05:30,822.65,823.15,821.4,821.75,109435
568,2024-05-03 12:28:00+05:30,821.75,823.5,821.75,822.85,25971
569,2024-05-03 12:29:00+05:30,823.1,823.2,821.35,821.95,37253
570,2024-05-03 12:30:00+05:30,821.95,822.75,821.5,822.4,60466
571,2024-05-03 12:31:00+05:30,822.4,823.4,822.2,822.75,30877
572,2024-05-03 12:32:00+05:30,822.75,823.2,821.5,821.5,32180
573,2024-05-03 12:33:00+05:30,821.5,822.0,821.1,821.9,38587
574,2024-05-03 12:34:00+05:30,821.95,823.2,821.6,823.15,58799
575,2024-05-03 12:35:00+05:30,823.15,823.8,823.1,823.5,11774
576,2024-05-03 12:36:00+05:30,823.5,824.0,823.5,823.95,13723
577,2024-05-03 12:37:00+05:30,824.0,824.8,823.75,824.6,24422
578,2024-05-03 12:38:00+05:30,824.7,825.0,824.5,824.95,23491
579,2024-05-03 12:39:00+05:30,825.0,825.95,824.95,825.75,87499
580,2024-05-03 12:40:00+05:30,825.75,826.6,825.75,826.4,110520
581,2024-05-03 12:41:00+05:30,826.6,827.1,826.35,827.1,47827
582,2024-05-03 12:42:00+05:30,827.05,827.75,826.7,827.3,67418
583,2024-05-03 12:43:00+05:30,827.3,828.2,827.15,827.55,46723
584,2024-05-03 12:44:00+05:30,827.5,827.95,827.15,827.7,42194
585,2024-05-03 12:45:00+05:30,827.6,827.75,826.9,826.95,100484
586,2024-05-03 12:46:00+05:30,826.95,827.6,826.9,827.0,70318
587,2024-05-03 12:47:00+05:30,826.95,827.45,826.95,827.3,29759
588,2024-05-03 12:48:00+05:30,827.0,827.7,827.0,827.2,21319
589,2024-05-03 12:49:00+05:30,827.2,827.4,826.9,827.35,22424
590,2024-05-03 12:50:00+05:30,827.35,827.35,826.9,827.15,29887
591,2024-05-03 12:51:00+05:30,827.2,827.5,826.9,827.2,68364
592,2024-05-03 12:52:00+05:30,827.15,827.5,826.9,827.0,55283
593,2024-05-03 12:53:00+05:30,826.9,827.2,826.4,826.8,335705
594,2024-05-03 12:54:00+05:30,826.8,826.9,826.8,826.8,118237
595,2024-05-03 12:55:00+05:30,826.85,827.0,826.8,826.8,103612
596,2024-05-03 12:56:00+05:30,826.85,827.0,826.0,826.0,48739
597,2024-05-03 12:57:00+05:30,826.3,826.45,824.0,824.0,171042
598,2024-05-03 12:58:00+05:30,824.0,824.55,823.55,824.3,57479
599,2024-05-03 12:59:00+05:30,824.05,824.4,823.4,823.75,83956
600,2024-05-03 13:00:00+05:30,823.75,823.95,822.4,822.95,281030
601,2024-05-03 13:01:00+05:30,822.95,824.0,822.7,822.9,119914
602,2024-05-03 13:02:00+05:30,822.95,823.9,822.4,823.6,155076
603,2024-05-03 13:03:00+05:30,823.7,824.3,823.2,823.55,70931
604,2024-05-03 13:04:00+05:30,823.6,824.3,823.1,823.1,61140
605,2024-05-03 13:05:00+05:30,823.45,824.3,823.1,824.15,50484
606,2024-05-03 13:06:00+05:30,824.15,825.0,823.6,824.7,46342
607,2024-05-03 13:07:00+05:30,824.7,825.2,824.3,824.8,48024
608,2024-05-03 13:08:00+05:30,825.1,825.2,824.25,824.95,24503
609,2024-05-03 13:09:00+05:30,824.85,825.9,824.45,825.7,16318
610,2024-05-03 13:10:00+05:30,825.5,826.2,825.0,825.85,34890
611,2024-05-03 13:11:00+05:30,825.9,826.45,825.9,826.3,19695
612,2024-05-03 13:12:00+05:30,826.4,827.0,826.25,826.9,35133
613,2024-05-03 13:13:00+05:30,826.9,827.0,826.45,826.9,24452
614,2024-05-03 13:14:00+05:30,826.6,827.0,826.4,826.9,11094
615,2024-05-03 13:15:00+05:30,826.9,826.9,826.0,826.15,33224
616,2024-05-03 13:16:00+05:30,826.15,827.0,826.0,826.9,18345
617,2024-05-03 13:17:00+05:30,826.9,827.3,826.35,826.4,49272
618,2024-05-03 13:18:00+05:30,826.35,827.0,826.1,826.45,19260
619,2024-05-03 13:19:00+05:30,826.45,827.0,826.45,826.45,10761
620,2024-05-03 13:20:00+05:30,826.5,826.9,826.25,826.8,7109
621,2024-05-03 13:21:00+05:30,826.8,826.9,826.4,826.75,7152
622,2024-05-03 13:22:00+05:30,826.75,827.0,826.55,827.0,7273
623,2024-05-03 13:23:00+05:30,826.75,827.0,826.55,826.9,9496
624,2024-05-03 13:24:00+05:30,827.0,827.2,826.8,827.15,8111
625,2024-05-03 13:25:00+05:30,827.15,827.5,827.0,827.45,17046
626,2024-05-03 13:26:00+05:30,827.45,827.5,827.1,827.4,7534
627,2024-05-03 13:27:00+05:30,827.4,827.95,826.95,827.65,70465
628,2024-05-03 13:28:00+05:30,827.65,828.35,826.85,827.8,71628
629,2024-05-03 13:29:00+05:30,827.8,828.5,827.7,828.1,42988
630,2024-05-03 13:30:00+05:30,828.45,828.95,828.3,828.8,20658
631,2024-05-03 13:31:00+05:30,828.8,829.0,827.4,827.4,26515
632,2024-05-03 13:32:00+05:30,827.65,828.0,827.5,827.6,8041
633,2024-05-03 13:33:00+05:30,827.55,827.8,827.1,827.4,7906
634,2024-05-03 13:34:00+05:30,827.45,827.6,826.55,826.7,25380
635,2024-05-03 13:35:00+05:30,826.65,827.2,826.45,826.6,27348
636,2024-05-03 13:36:00+05:30,826.6,827.2,826.35,826.4,16540
637,2024-05-03 13:37:00+05:30,826.8,826.95,826.0,826.35,61611
638,2024-05-03 13:38:00+05:30,826.35,826.8,826.15,826.2,23292
639,2024-05-03 13:39:00+05:30,826.2,826.5,825.3,825.85,33930
640,2024-05-03 13:40:00+05:30,825.6,826.35,825.2,825.25,35552
641,2024-05-03 13:41:00+05:30,825.35,826.5,825.35,826.0,43845
642,2024-05-03 13:42:00+05:30,826.25,826.7,826.15,826.15,27973
643,2024-05-03 13:43:00+05:30,826.4,826.6,825.7,826.0,18892
644,2024-05-03 13:44:00+05:30,826.0,826.85,825.85,826.15,16575
645,2024-05-03 13:45:00+05:30,826.2,826.95,826.0,826.7,22608
646,2024-05-03 13:46:00+05:30,826.7,827.5,826.6,827.05,36767
647,2024-05-03 13:47:00+05:30,826.85,827.6,826.6,826.7,19783
648,2024-05-03 13:48:00+05:30,826.65,827.45,826.65,827.0,14315
649,2024-05-03 13:49:00+05:30,827.0,828.35,827.0,827.05,34836
650,2024-05-03 13:50:00+05:30,827.0,827.85,827.0,827.2,7566
651,2024-05-03 13:51:00+05:30,827.1,827.5,826.35,826.65,24536
652,2024-05-03 13:52:00+05:30,826.85,827.0,826.25,826.3,28913
653,2024-05-03 13:53:00+05:30,826.35,827.2,826.0,826.65,32178
654,2024-05-03 13:54:00+05:30,826.6,827.5,826.5,827.45,13451
655,2024-05-03 13:55:00+05:30,827.35,827.85,827.05,827.85,25599
656,2024-05-03 13:56:00+05:30,827.7,828.1,827.6,827.75,17539
657,2024-05-03 13:57:00+05:30,827.7,828.15,827.1,827.1,9903
658,2024-05-03 13:58:00+05:30,827.1,827.95,827.1,827.45,17840
659,2024-05-03 13:59:00+05:30,827.65,827.9,827.05,827.25,11854
660,2024-05-03 14:00:00+05:30,827.25,828.1,827.0,827.1,26776
661,2024-05-03 14:01:00+05:30,827.05,827.55,826.55,827.15,15411
662,2024-05-03 14:02:00+05:30,827.15,827.5,826.9,827.05,13253
663,2024-05-03 14:03:00+05:30,827.05,827.3,826.6,826.95,20731
664,2024-05-03 14:04:00+05:30,826.6,826.9,826.15,826.55,29326
665,2024-05-03 14:05:00+05:30,826.2,827.5,826.2,827.2,15751
666,2024-05-03 14:06:00+05:30,827.15,827.5,826.75,827.15,13212
667,2024-05-03 14:07:00+05:30,827.15,827.5,826.5,826.6,8450
668,2024-05-03 14:08:00+05:30,826.9,827.35,826.25,826.45,17239
669,2024-05-03 14:09:00+05:30,826.45,827.15,826.4,827.0,5169
670,2024-05-03 14:10:00+05:30,827.05,827.2,826.15,826.7,25180
671,2024-05-03 14:11:00+05:30,826.7,827.45,826.7,826.95,11172
672,2024-05-03 14:12:00+05:30,826.95,827.5,826.85,827.4,9485
673,2024-05-03 14:13:00+05:30,827.25,827.75,826.9,826.95,17021
674,2024-05-03 14:14:00+05:30,827.0,827.7,827.0,827.45,12052
675,2024-05-03 14:15:00+05:30,827.35,828.35,827.3,827.9,21132
676,2024-05-03 14:16:00+05:30,828.1,828.35,827.8,828.15,14511
677,2024-05-03 14:17:00+05:30,828.05,829.0,828.05,828.6,29529
678,2024-05-03 14:18:00+05:30,828.8,829.0,827.95,828.0,21266
679,2024-05-03 14:19:00+05:30,828.0,828.5,827.6,827.75,18622
680,2024-05-03 14:20:00+05:30,827.95,827.95,826.55,827.15,29339
681,2024-05-03 14:21:00+05:30,826.85,827.9,826.85,827.3,16336
682,2024-05-03 14:22:00+05:30,827.25,827.45,826.8,827.1,10584
683,2024-05-03 14:23:00+05:30,826.95,827.5,826.7,827.15,9906
684,2024-05-03 14:24:00+05:30,826.85,827.35,826.6,827.0,15655
685,2024-05-03 14:25:00+05:30,826.6,827.15,826.5,826.5,15212
686,2024-05-03 14:26:00+05:30,826.5,827.0,826.2,826.4,22683
687,2024-05-03 14:27:00+05:30,826.3,826.85,826.0,826.5,31735
688,2024-05-03 14:28:00+05:30,826.4,827.4,826.4,826.9,23280
689,2024-05-03 14:29:00+05:30,826.9,827.8,826.9,827.5,13407
690,2024-05-03 14:30:00+05:30,827.5,827.9,827.35,827.8,18291
691,2024-05-03 14:31:00+05:30,827.8,827.95,827.2,827.6,14967
692,2024-05-03 14:32:00+05:30,827.6,827.75,826.75,827.2,17721
693,2024-05-03 14:33:00+05:30,827.2,827.7,827.1,827.25,13079
694,2024-05-03 14:34:00+05:30,827.1,827.9,827.1,827.55,15864
695,2024-05-03 14:35:00+05:30,827.75,828.1,827.15,827.6,40666
696,2024-05-03 14:36:00+05:30,827.6,827.8,827.15,827.65,13588
697,2024-05-03 14:37:00+05:30,827.65,828.2,827.45,827.7,24739
698,2024-05-03 14:38:00+05:30,827.95,828.5,827.65,828.4,27550
699,2024-05-03 14:39:00+05:30,828.4,829.0,828.2,828.5,30351
700,2024-05-03 14:40:00+05:30,828.5,829.0,828.2,828.4,30535
701,2024-05-03 14:41:00+05:30,828.3,828.6,827.35,827.8,43076
702,2024-05-03 14:42:00+05:30,827.8,828.85,827.7,827.7,40734
703,2024-05-03 14:43:00+05:30,827.65,828.95,827.65,828.65,21534
704,2024-05-03 14:44:00+05:30,828.65,829.0,828.4,828.9,24168
705,2024-05-03 14:45:00+05:30,828.9,829.3,828.55,828.95,60909
706,2024-05-03 14:46:00+05:30,828.95,829.4,828.35,828.7,31516
707,2024-05-03 14:47:00+05:30,828.75,829.25,828.4,829.0,20291
708,2024-05-03 14:48:00+05:30,829.0,829.15,828.4,828.55,30120
709,2024-05-03 14:49:00+05:30,828.75,828.75,827.55,828.25,65783
710,2024-05-03 14:50:00+05:30,828.25,828.7,827.7,827.8,45482
711,2024-05-03 14:51:00+05:30,827.9,828.5,827.7,828.2,24578
712,2024-05-03 14:52:00+05:30,827.95,828.5,827.65,827.7,17828
713,2024-05-03 14:53:00+05:30,827.7,828.35,827.65,827.9,15577
714,2024-05-03 14:54:00+05:30,827.65,828.2,827.5,828.0,32879
715,2024-05-03 14:55:00+05:30,827.85,828.2,827.55,827.8,19025
716,2024-05-03 14:56:00+05:30,827.8,828.25,827.65,827.65,16649
717,2024-05-03 14:57:00+05:30,827.65,829.15,827.65,828.55,51853
718,2024-05-03 14:58:00+05:30,829.0,829.35,828.35,828.8,49051
719,2024-05-03 14:59:00+05:30,829.2,830.0,828.1,828.85,160481
720,2024-05-03 15:00:00+05:30,828.9,829.2,827.9,828.45,133462
721,2024-05-03 15:01:00+05:30,828.45,828.7,828.35,828.65,72798
722,2024-05-03 15:02:00+05:30,828.7,829.9,828.65,829.3,63095
723,2024-05-03 15:03:00+05:30,829.3,829.9,828.6,828.95,74835
724,2024-05-03 15:04:00+05:30,829.1,829.4,829.05,829.4,58607
725,2024-05-03 15:05:00+05:30,829.4,829.5,829.2,829.45,57333
726,2024-05-03 15:06:00+05:30,829.5,829.6,829.4,829.5,47926
727,2024-05-03 15:07:00+05:30,829.5,830.0,829.4,829.55,79383
728,2024-05-03 15:08:00+05:30,829.7,829.95,829.65,829.95,57994
729,2024-05-03 15:09:00+05:30,829.9,830.4,829.9,830.35,113460
730,2024-05-03 15:10:00+05:30,830.35,830.6,830.1,830.5,108713
731,2024-05-03 15:11:00+05:30,830.5,830.7,830.2,830.65,67463
732,2024-05-03 15:12:00+05:30,830.7,830.7,830.35,830.65,69165
733,2024-05-03 15:13:00+05:30,830.65,831.6,830.6,831.35,103250
734,2024-05-03 15:14:00+05:30,831.25,832.0,831.25,831.85,97971
735,2024-05-03 15:15:00+05:30,832.25,833.6,831.9,833.15,168625
736,2024-05-03 15:16:00+05:30,833.15,833.5,832.5,833.5,107463
737,2024-05-03 15:17:00+05:30,833.3,834.0,833.15,833.65,125499
738,2024-05-03 15:18:00+05:30,833.15,833.5,832.15,832.9,140073
739,2024-05-03 15:19:00+05:30,832.95,833.45,832.55,833.45,82516
740,2024-05-03 15:20:00+05:30,833.4,834.0,833.25,833.55,135976
741,2024-05-03 15:21:00+05:30,833.45,833.75,832.65,832.85,91472
742,2024-05-03 15:22:00+05:30,833.15,833.55,832.4,832.75,74849
743,2024-05-03 15:23:00+05:30,832.8,833.0,831.7,832.9,69848
744,2024-05-03 15:24:00+05:30,832.85,833.0,832.3,833.0,71285
745,2024-05-03 15:25:00+05:30,833.0,833.0,832.4,832.55,46808
746,2024-05-03 15:26:00+05:30,832.65,832.9,832.0,832.85,70106
747,2024-05-03 15:27:00+05:30,832.85,832.85,831.7,831.75,54332
748,2024-05-03 15:28:00+05:30,832.1,832.1,830.4,830.45,43564
749,2024-05-03 15:29:00+05:30,830.8,831.35,830.0,831.0,54015
750,2024-05-06 09:15:00+05:30,835.0,836.0,817.05,820.75,959699
751,2024-05-06 09:16:00+05:30,821.25,822.0,814.15,817.65,862001
752,2024-05-06 09:17:00+05:30,818.6,819.4,815.25,817.1,387800
753,2024-05-06 09:18:00+05:30,817.35,818.4,814.5,817.0,410928
754,2024-05-06 09:19:00+05:30,816.6,816.65,811.5,812.3,519749
755,2024-05-06 09:20:00+05:30,812.25,812.75,810.15,811.1,309055
756,2024-05-06 09:21:00+05:30,811.45,811.85,806.4,808.4,462710
757,2024-05-06 09:22:00+05:30,809.05,810.95,808.25,810.35,674365
758,2024-05-06 09:23:00+05:30,810.35,813.6,810.1,812.05,330327
759,2024-05-06 09:24:00+05:30,811.85,813.5,811.15,813.4,207710
760,2024-05-06 09:25:00+05:30,813.25,816.15,813.05,814.65,271252
761,2024-05-06 09:26:00+05:30,814.5,814.9,811.8,812.4,494449
762,2024-05-06 09:27:00+05:30,812.45,812.8,810.05,810.15,212290
763,2024-05-06 09:28:00+05:30,810.45,811.2,809.3,811.2,171734
764,2024-05-06 09:29:00+05:30,810.5,813.15,810.2,813.15,105573
765,2024-05-06 09:30:00+05:30,813.2,813.45,811.6,813.35,121456
766,2024-05-06 09:31:00+05:30,813.45,813.75,811.8,812.1,140416
767,2024-05-06 09:32:00+05:30,812.5,812.5,810.7,811.7,214374
768,2024-05-06 09:33:00+05:30,811.7,812.1,809.05,809.05,347314
769,2024-05-06 09:34:00+05:30,808.95,810.05,808.75,809.8,179803
770,2024-05-06 09:35:00+05:30,809.8,810.0,807.9,808.5,348981
771,2024-05-06 09:36:00+05:30,808.5,809.5,808.4,809.05,204044
772,2024-05-06 09:37:00+05:30,808.85,809.15,808.0,808.85,124581
773,2024-05-06 09:38:00+05:30,808.95,809.65,808.5,809.5,87368
774,2024-05-06 09:39:00+05:30,809.25,809.4,806.7,807.45,382327
775,2024-05-06 09:40:00+05:30,807.35,809.1,807.0,808.65,115903
776,2024-05-06 09:41:00+05:30,808.55,808.9,806.8,806.85,163499
777,2024-05-06 09:42:00+05:30,806.85,807.7,806.0,806.1,195499
778,2024-05-06 09:43:00+05:30,806.1,809.0,806.0,808.95,60401
779,2024-05-06 09:44:00+05:30,808.75,812.7,808.75,812.7,1265797
780,2024-05-06 09:45:00+05:30,812.55,812.55,809.45,809.85,214799
781,2024-05-06 09:46:00+05:30,809.85,810.6,808.8,810.45,52474
782,2024-05-06 09:47:00+05:30,810.5,811.0,809.55,810.0,72045
783,2024-05-06 09:48:00+05:30,810.0,810.5,808.9,809.65,132972
784,2024-05-06 09:49:00+05:30,809.7,810.0,809.05,810.0,85567
785,2024-05-06 09:50:00+05:30,810.0,810.05,809.0,809.75,48175
786,2024-05-06 09:51:00+05:30,809.45,810.4,809.1,809.9,45834
787,2024-05-06 09:52:00+05:30,809.9,810.3,809.25,809.6,55579
788,2024-05-06 09:53:00+05:30,809.6,810.4,809.5,810.0,130797
789,2024-05-06 09:54:00+05:30,810.1,811.2,809.9,810.7,259093
790,2024-05-06 09:55:00+05:30,811.05,812.05,810.6,811.6,149556
791,2024-05-06 09:56:00+05:30,811.55,812.2,811.25,811.5,132481
792,2024-05-06 09:57:00+05:30,811.9,812.05,811.25,811.55,73448
793,2024-05-06 09:58:00+05:30,811.5,812.1,811.3,811.7,79304
794,2024-05-06 09:59:00+05:30,811.6,811.85,810.0,810.95,116320
795,2024-05-06 10:00:00+05:30,810.55,811.5,809.7,810.35,52080
796,2024-05-06 10:01:00+05:30,810.35,811.8,810.35,811.25,195224
797,2024-05-06 10:02:00+05:30,811.25,811.5,810.85,811.45,242603
798,2024-05-06 10:03:00+05:30,811.45,811.65,811.0,811.3,70974
799,2024-05-06 10:04:00+05:30,811.3,811.85,811.05,811.75,79347
800,2024-05-06 10:05:00+05:30,811.6,811.8,811.0,811.05,65534
801,2024-05-06 10:06:00+05:30,811.0,811.35,811.0,811.0,199808
802,2024-05-06 10:07:00+05:30,811.05,811.05,809.7,810.15,137961
803,2024-05-06 10:08:00+05:30,810.45,810.65,808.7,809.15,98871
804,2024-05-06 10:09:00+05:30,809.15,810.0,808.8,809.9,49321
805,2024-05-06 10:10:00+05:30,809.85,810.35,809.5,810.0,50655
806,2024-05-06 10:11:00+05:30,810.0,810.75,810.0,810.35,57526
807,2024-05-06 10:12:00+05:30,810.35,810.7,809.8,810.25,80666
808,2024-05-06 10:13:00+05:30,810.2,810.8,810.0,810.45,38244
809,2024-05-06 10:14:00+05:30,810.75,810.85,809.9,810.25,45410
810,2024-05-06 10:15:00+05:30,810.4,810.4,809.35,809.9,82612
811,2024-05-06 10:16:00+05:30,809.95,810.25,808.75,810.1,193039
812,2024-05-06 10:17:00+05:30,810.0,810.3,809.7,809.85,98581
813,2024-05-06 10:18:00+05:30,809.8,810.05,808.75,808.9,237739
814,2024-05-06 10:19:00+05:30,808.85,809.15,808.25,808.5,132914
815,2024-05-06 10:20:00+05:30,808.5,808.5,807.3,807.55,88034
816,2024-05-06 10:21:00+05:30,807.7,808.4,807.5,807.9,160292
817,2024-05-06 10:22:00+05:30,807.9,808.3,807.45,807.65,184272
818,2024-05-06 10:23:00+05:30,807.65,807.85,806.3,806.8,87281
819,2024-05-06 10:24:00+05:30,806.75,806.75,804.55,804.95,313691
820,2024-05-06 10:25:00+05:30,805.0,805.0,804.6,804.75,270476
821,2024-05-06 10:26:00+05:30,804.75,804.75,804.1,804.5,84616
822,2024-05-06 10:27:00+05:30,804.6,804.6,803.95,804.4,249199
823,2024-05-06 10:28:00+05:30,804.5,805.85,804.25,805.3,329909
824,2024-05-06 10:29:00+05:30,805.35,805.95,804.7,805.85,172174
825,2024-05-06 10:30:00+05:30,805.95,806.35,804.5,804.6,147734
826,2024-05-06 10:31:00+05:30,804.55,804.6,803.2,804.0,128392
827,2024-05-06 10:32:00+05:30,803.95,804.15,803.55,804.0,177130
828,2024-05-06 10:33:00+05:30,804.0,804.2,803.8,803.95,103696
829,2024-05-06 10:34:00+05:30,803.9,804.05,803.9,803.95,71411
830,2024-05-06 10:35:00+05:30,804.0,804.0,803.0,803.35,119874
831,2024-05-06 10:36:00+05:30,803.3,804.45,803.3,804.2,126482
832,2024-05-06 10:37:00+05:30,804.25,805.8,804.0,805.0,110734
833,2024-05-06 10:38:00+05:30,804.95,806.5,804.95,806.25,112435
834,2024-05-06 10:39:00+05:30,806.25,806.4,805.0,805.0,97983
835,2024-05-06 10:40:00+05:30,805.0,805.45,804.6,805.0,60417
836,2024-05-06 10:41:00+05:30,805.0,805.35,804.65,805.0,87804
837,2024-05-06 10:42:00+05:30,805.0,805.3,804.7,804.95,62887
838,2024-05-06 10:43:00+05:30,804.95,805.0,804.8,804.9,61233
839,2024-05-06 10:44:00+05:30,804.95,804.95,803.85,803.95,94817
840,2024-05-06 10:45:00+05:30,803.95,804.5,803.65,804.4,64797
841,2024-05-06 10:46:00+05:30,804.4,804.4,804.05,804.25,63784
842,2024-05-06 10:47:00+05:30,804.25,804.4,803.8,804.0,36616
843,2024-05-06 10:48:00+05:30,804.0,804.5,803.95,804.5,90379
844,2024-05-06 10:49:00+05:30,804.5,804.5,804.45,804.5,81690
845,2024-05-06 10:50:00+05:30,804.5,804.7,804.25,804.7,147828
846,2024-05-06 10:51:00+05:30,804.7,805.0,804.1,804.75,102709
847,2024-05-06 10:52:00+05:30,804.75,805.55,804.75,805.2,186625
848,2024-05-06 10:53:00+05:30,805.2,805.5,804.9,805.5,119578
849,2024-05-06 10:54:00+05:30,805.45,806.3,804.85,806.2,251858
850,2024-05-06 10:55:00+05:30,806.3,806.5,805.3,805.5,108671
851,2024-05-06 10:56:00+05:30,805.55,807.05,805.55,806.95,116412
852,2024-05-06 10:57:00+05:30,807.2,807.35,806.65,806.95,107779
853,2024-05-06 10:58:00+05:30,806.95,808.2,806.9,808.0,106589
854,2024-05-06 10:59:00+05:30,808.0,808.9,807.9,807.95,98699
855,2024-05-06 11:00:00+05:30,807.95,809.0,807.8,808.95,64314
856,2024-05-06 11:01:00+05:30,808.9,808.95,807.85,808.45,45445
857,2024-05-06 11:02:00+05:30,808.45,808.5,807.9,808.0,75515
858,2024-05-06 11:03:00+05:30,808.0,808.35,808.0,808.1,22821
859,2024-05-06 11:04:00+05:30,808.15,808.2,808.0,808.1,63486
860,2024-05-06 11:05:00+05:30,808.1,809.0,808.1,808.7,76113
861,2024-05-06 11:06:00+05:30,808.7,808.95,808.5,808.75,30787
862,2024-05-06 11:07:00+05:30,808.75,808.8,808.35,808.75,29107
863,2024-05-06 11:08:00+05:30,808.75,808.95,808.25,808.8,36517
864,2024-05-06 11:09:00+05:30,808.8,808.8,808.0,808.25,28713
865,2024-05-06 11:10:00+05:30,808.25,808.65,808.2,808.6,27414
866,2024-05-06 11:11:00+05:30,808.55,808.8,808.0,808.05,65051
867,2024-05-06 11:12:00+05:30,808.05,808.05,807.0,807.5,82513
868,2024-05-06 11:13:00+05:30,807.5,808.7,807.5,808.7,28524
869,2024-05-06 11:14:00+05:30,808.7,808.9,808.35,808.35,45443
870,2024-05-06 11:15:00+05:30,808.4,808.5,807.8,808.5,20197
871,2024-05-06 11:16:00+05:30,808.5,809.0,808.5,809.0,92466
872,2024-05-06 11:17:00+05:30,809.0,810.25,808.65,809.85,158675
873,2024-05-06 11:18:00+05:30,809.85,810.4,809.5,810.35,142128
874,2024-05-06 11:19:00+05:30,810.4,811.0,810.3,810.9,86163
875,2024-05-06 11:20:00+05:30,810.95,810.95,809.55,810.0,100964
876,2024-05-06 11:21:00+05:30,810.0,810.4,809.35,809.45,35586
877,2024-05-06 11:22:00+05:30,809.45,809.9,809.1,809.2,24165
878,2024-05-06 11:23:00+05:30,809.3,809.35,808.05,808.35,1123428
879,2024-05-06 11:24:00+05:30,808.35,809.15,808.1,808.6,19031
880,2024-05-06 11:25:00+05:30,808.9,809.0,807.9,808.5,29886
881,2024-05-06 11:26:00+05:30,808.45,809.25,808.15,809.15,46233
882,2024-05-06 11:27:00+05:30,809.15,809.9,809.15,809.8,36535
883,2024-05-06 11:28:00+05:30,809.8,809.8,808.7,809.5,28368
884,2024-05-06 11:29:00+05:30,809.45,809.85,809.4,809.65,36119
885,2024-05-06 11:30:00+05:30,809.8,809.9,809.0,809.05,28116
886,2024-05-06 11:31:00+05:30,809.05,809.3,808.45,808.95,34251
887,2024-05-06 11:32:00+05:30,809.0,809.5,809.0,809.5,24988
888,2024-05-06 11:33:00+05:30,809.5,810.15,809.0,809.05,76380
889,2024-05-06 11:34:00+05:30,809.05,809.75,809.05,809.35,31185
890,2024-05-06 11:35:00+05:30,809.35,809.95,809.3,809.85,19766
891,2024-05-06 11:36:00+05:30,809.85,810.05,809.8,810.0,46998
892,2024-05-06 11:37:00+05:30,810.05,810.3,810.0,810.05,41071
893,2024-05-06 11:38:00+05:30,810.25,810.25,809.0,809.6,30059
894,2024-05-06 11:39:00+05:30,809.5,810.0,809.15,810.0,41532
895,2024-05-06 11:40:00+05:30,810.0,810.05,809.7,810.0,37709
896,2024-05-06 11:41:00+05:30,810.0,810.1,809.1,809.7,107672
897,2024-05-06 11:42:00+05:30,809.8,810.05,809.75,809.95,58261
898,2024-05-06 11:43:00+05:30,810.0,810.05,809.6,809.95,59868
899,2024-05-06 11:44:00+05:30,809.9,810.0,809.6,809.7,34122
900,2024-05-06 11:45:00+05:30,809.75,810.0,809.5,809.85,31646
901,2024-05-06 11:46:00+05:30,810.0,810.0,809.15,809.2,29279
902,2024-05-06 11:47:00+05:30,809.2,809.25,808.7,809.25,39251
903,2024-05-06 11:48:00+05:30,809.25,809.65,808.85,808.9,33635
904,2024-05-06 11:49:00+05:30,808.9,809.6,808.9,809.55,41172
905,2024-05-06 11:50:00+05:30,809.6,809.9,809.45,809.5,50488
906,2024-05-06 11:51:00+05:30,809.5,809.9,809.45,809.7,50469
907,2024-05-06 11:52:00+05:30,809.9,809.95,809.7,809.95,25048
908,2024-05-06 11:53:00+05:30,809.95,810.0,809.55,809.65,38378
909,2024-05-06 11:54:00+05:30,809.75,810.0,809.7,810.0,36596
910,2024-05-06 11:55:00+05:30,810.0,810.0,809.8,809.9,61639
911,2024-05-06 11:56:00+05:30,809.9,810.1,809.8,809.95,43190
912,2024-05-06 11:57:00+05:30,810.0,810.0,809.65,810.0,15074
913,2024-05-06 11:58:00+05:30,810.0,810.5,809.95,810.5,50831
914,2024-05-06 11:59:00+05:30,810.45,811.05,810.25,810.8,271727
915,2024-05-06 12:00:00+05:30,811.05,811.35,810.05,810.3,54233
916,2024-05-06 12:01:00+05:30,810.4,810.4,809.95,810.0,30723
917,2024-05-06 12:02:00+05:30,810.0,810.9,810.0,810.8,58964
918,2024-05-06 12:03:00+05:30,810.8,811.1,810.35,810.85,43151
919,2024-05-06 12:04:00+05:30,811.0,811.0,810.1,810.6,36679
920,2024-05-06 12:05:00+05:30,810.65,811.1,810.65,810.8,39664
921,2024-05-06 12:06:00+05:30,810.8,811.25,810.3,811.15,40208
922,2024-05-06 12:07:00+05:30,811.15,812.0,810.7,811.95,94802
923,2024-05-06 12:08:00+05:30,811.95,812.45,811.65,811.85,79159
924,2024-05-06 12:09:00+05:30,812.05,812.35,812.0,812.1,23391
925,2024-05-06 12:10:00+05:30,812.2,812.45,811.8,811.95,27668
926,2024-05-06 12:11:00+05:30,811.9,812.4,811.85,811.95,37279
927,2024-05-06 12:12:00+05:30,812.1,812.35,811.95,812.3,28246
928,2024-05-06 12:13:00+05:30,812.2,812.5,812.2,812.4,97925
929,2024-05-06 12:14:00+05:30,812.5,812.5,812.3,812.35,38714
930,2024-05-06 12:15:00+05:30,812.25,812.4,811.55,811.55,35868
931,2024-05-06 12:16:00+05:30,811.55,812.2,811.3,811.85,35095
932,2024-05-06 12:17:00+05:30,812.0,812.05,811.0,811.05,32857
933,2024-05-06 12:18:00+05:30,811.3,811.95,811.0,811.5,28901
934,2024-05-06 12:19:00+05:30,811.5,811.85,811.1,811.6,17409
935,2024-05-06 12:20:00+05:30,811.65,811.85,811.45,811.65,21686
936,2024-05-06 12:21:00+05:30,811.65,812.0,811.4,811.55,35548
937,2024-05-06 12:22:00+05:30,811.55,812.0,811.55,811.85,25758
938,2024-05-06 12:23:00+05:30,811.9,812.3,811.55,812.25,29906
939,2024-05-06 12:24:00+05:30,812.15,812.4,811.45,811.6,26918
940,2024-05-06 12:25:00+05:30,811.65,811.8,810.8,810.9,27836
941,2024-05-06 12:26:00+05:30,810.9,810.95,809.65,810.15,199021
942,2024-05-06 12:27:00+05:30,810.15,810.25,810.0,810.05,20226
943,2024-05-06 12:28:00+05:30,810.0,810.1,810.0,810.0,38196
944,2024-05-06 12:29:00+05:30,810.05,810.05,809.5,810.0,90886
945,2024-05-06 12:30:00+05:30,810.05,810.05,810.0,810.0,38824
946,2024-05-06 12:31:00+05:30,809.95,810.5,809.95,810.45,27490
947,2024-05-06 12:32:00+05:30,810.45,810.9,810.2,810.6,18159
948,2024-05-06 12:33:00+05:30,810.7,810.7,810.0,810.05,14616
949,2024-05-06 12:34:00+05:30,810.1,810.4,809.9,810.0,32938
950,2024-05-06 12:35:00+05:30,810.1,810.5,810.05,810.35,11999
951,2024-05-06 12:36:00+05:30,810.35,810.4,810.0,810.0,7730
952,2024-05-06 12:37:00+05:30,810.0,810.35,810.0,810.15,13542
953,2024-05-06 12:38:00+05:30,810.2,810.3,810.0,810.0,9482
954,2024-05-06 12:39:00+05:30,810.0,810.5,810.0,810.4,24998
955,2024-05-06 12:40:00+05:30,810.4,810.45,810.0,810.0,9404
956,2024-05-06 12:41:00+05:30,810.05,810.1,808.25,808.5,79802
957,2024-05-06 12:42:00+05:30,808.5,809.45,808.2,809.2,23427
958,2024-05-06 12:43:00+05:30,809.4,810.0,809.2,809.85,19856
959,2024-05-06 12:44:00+05:30,809.95,810.25,809.85,810.05,21900
960,2024-05-06 12:45:00+05:30,810.05,810.35,809.55,809.75,19392
961,2024-05-06 12:46:00+05:30,809.75,810.05,809.75,810.0,11886
962,2024-05-06 12:47:00+05:30,810.05,810.4,809.95,810.1,12087
963,2024-05-06 12:48:00+05:30,810.1,810.1,808.7,809.0,34311
964,2024-05-06 12:49:00+05:30,809.0,809.6,808.8,809.4,17123
965,2024-05-06 12:50:00+05:30,809.5,809.5,808.4,808.9,85636
966,2024-05-06 12:51:00+05:30,809.05,809.05,807.7,808.1,60542
967,2024-05-06 12:52:00+05:30,808.45,808.8,808.15,808.6,29246
968,2024-05-06 12:53:00+05:30,808.6,809.1,808.5,809.1,18283
969,2024-05-06 12:54:00+05:30,809.4,809.4,808.9,809.05,18833
970,2024-05-06 12:55:00+05:30,808.95,809.2,808.45,808.8,33564
971,2024-05-06 12:56:00+05:30,808.75,809.25,808.35,809.15,571921
972,2024-05-06 12:57:00+05:30,809.45,809.85,809.3,809.5,25182
973,2024-05-06 12:58:00+05:30,809.5,809.75,809.05,809.65,24079
974,2024-05-06 12:59:00+05:30,809.65,809.7,808.8,808.85,22781
975,2024-05-06 13:00:00+05:30,808.85,809.15,808.3,808.35,33493
976,2024-05-06 13:01:00+05:30,808.35,808.35,807.5,807.9,34414
977,2024-05-06 13:02:00+05:30,808.1,808.1,806.7,806.7,60028
978,2024-05-06 13:03:00+05:30,806.75,807.8,806.65,807.75,44965
979,2024-05-06 13:04:00+05:30,807.75,807.75,807.35,807.7,24283
980,2024-05-06 13:05:00+05:30,807.7,808.4,807.7,808.05,45730
981,2024-05-06 13:06:00+05:30,808.05,808.45,808.05,808.4,20593
982,2024-05-06 13:07:00+05:30,808.4,808.5,808.0,808.05,18875
983,2024-05-06 13:08:00+05:30,808.0,808.05,807.75,807.8,13762
984,2024-05-06 13:09:00+05:30,807.8,807.85,807.4,807.5,21768
985,2024-05-06 13:10:00+05:30,807.5,807.6,807.15,807.15,26954
986,2024-05-06 13:11:00+05:30,807.25,807.25,807.0,807.1,15946
987,2024-05-06 13:12:00+05:30,807.05,807.6,807.05,807.4,39880
988,2024-05-06 13:13:00+05:30,807.35,807.65,807.15,807.3,21038
989,2024-05-06 13:14:00+05:30,807.25,807.3,806.5,806.5,27549
990,2024-05-06 13:15:00+05:30,806.55,807.0,806.55,806.8,24230
991,2024-05-06 13:16:00+05:30,806.8,807.45,806.55,807.2,37904
992,2024-05-06 13:17:00+05:30,807.4,807.5,807.0,807.5,29680
993,2024-05-06 13:18:00+05:30,807.5,807.6,806.95,807.0,26916
994,2024-05-06 13:19:00+05:30,807.0,807.3,806.25,807.15,25394
995,2024-05-06 13:20:00+05:30,807.3,807.3,806.8,806.85,32857
996,2024-05-06 13:21:00+05:30,806.85,807.0,806.4,806.55,26667
997,2024-05-06 13:22:00+05:30,806.55,807.0,806.4,807.0,34463
998,2024-05-06 13:23:00+05:30,807.0,807.2,806.6,806.9,21636
999,2024-05-06 13:24:00+05:30,806.9,806.95,806.55,806.7,22955
1000,2024-05-06 13:25:00+05:30,806.8,806.8,805.8,805.95,61473
1001,2024-05-06 13:26:00+05:30,805.95,806.75,805.75,806.5,74326
1002,2024-05-06 13:27:00+05:30,806.5,806.8,806.0,806.35,24202
1003,2024-05-06 13:28:00+05:30,806.35,806.6,806.3,806.5,16306
1004,2024-05-06 13:29:00+05:30,806.55,806.6,805.55,805.65,54476
1005,2024-05-06 13:30:00+05:30,805.95,806.3,805.55,805.9,37896
1006,2024-05-06 13:31:00+05:30,805.85,805.95,805.45,805.75,43593
1007,2024-05-06 13:32:00+05:30,805.8,806.5,805.8,806.05,28558
1008,2024-05-06 13:33:00+05:30,806.05,806.6,805.9,806.3,31980
1009,2024-05-06 13:34:00+05:30,806.3,806.55,806.3,806.45,23512
1010,2024-05-06 13:35:00+05:30,806.4,807.0,806.4,806.8,33932
1011,2024-05-06 13:36:00+05:30,806.9,806.95,806.6,806.85,19700
1012,2024-05-06 13:37:00+05:30,806.85,807.1,806.8,807.0,28582
1013,2024-05-06 13:38:00+05:30,807.15,807.95,807.05,807.85,53679
1014,2024-05-06 13:39:00+05:30,807.9,808.05,807.35,807.75,44320
1015,2024-05-06 13:40:00+05:30,807.8,807.9,807.6,807.75,13962
1016,2024-05-06 13:41:00+05:30,807.75,807.95,807.75,807.95,23725
1017,2024-05-06 13:42:00+05:30,807.95,808.5,807.9,808.45,52829
1018,2024-05-06 13:43:00+05:30,808.5,809.45,808.45,809.05,66677
1019,2024-05-06 13:44:00+05:30,809.05,809.05,808.45,808.9,32942
1020,2024-05-06 13:45:00+05:30,808.9,809.25,808.75,808.95,34004
1021,2024-05-06 13:46:00+05:30,808.95,809.0,808.3,808.3,38542
1022,2024-05-06 13:47:00+05:30,808.4,808.5,808.0,808.0,22438
1023,2024-05-06 13:48:00+05:30,808.1,808.35,807.85,808.0,21887
1024,2024-05-06 13:49:00+05:30,808.05,808.1,807.8,808.0,26808
1025,2024-05-06 13:50:00+05:30,808.0,808.05,807.75,807.8,15756
1026,2024-05-06 13:51:00+05:30,807.8,808.45,807.8,808.4,36711
1027,2024-05-06 13:52:00+05:30,808.45,808.45,807.9,808.15,30099
1028,2024-05-06 13:53:00+05:30,808.2,808.2,807.6,807.95,28382
1029,2024-05-06 13:54:00+05:30,808.0,808.0,807.6,807.6,20141
1030,2024-05-06 13:55:00+05:30,807.65,807.75,807.2,807.3,32746
1031,2024-05-06 13:56:00+05:30,807.35,807.55,806.75,806.75,31459
1032,2024-05-06 13:57:00+05:30,806.85,807.25,806.75,807.1,28973
1033,2024-05-06 13:58:00+05:30,807.15,807.15,806.7,806.95,25425
1034,2024-05-06 13:59:00+05:30,806.95,807.25,806.7,806.7,29061
1035,2024-05-06 14:00:00+05:30,806.75,806.75,806.1,806.55,37494
1036,2024-05-06 14:01:00+05:30,806.3,807.0,806.2,806.85,26204
1037,2024-05-06 14:02:00+05:30,806.85,807.2,806.85,807.2,34110
1038,2024-05-06 14:03:00+05:30,807.2,807.4,807.15,807.4,20517
1039,2024-05-06 14:04:00+05:30,807.4,807.95,807.35,807.45,47776
1040,2024-05-06 14:05:00+05:30,807.5,808.2,807.5,807.9,47885
1041,2024-05-06 14:06:00+05:30,807.9,808.0,807.0,807.0,30949
1042,2024-05-06 14:07:00+05:30,807.15,807.7,807.05,807.4,29441
1043,2024-05-06 14:08:00+05:30,807.4,807.5,806.9,806.95,33199
1044,2024-05-06 14:09:00+05:30,806.95,807.2,806.85,807.0,39652
1045,2024-05-06 14:10:00+05:30,807.0,807.05,806.5,806.95,48277
1046,2024-05-06 14:11:00+05:30,806.95,807.4,806.95,807.4,40314
1047,2024-05-06 14:12:00+05:30,807.3,807.5,807.05,807.4,57235
1048,2024-05-06 14:13:00+05:30,807.3,807.65,807.1,807.2,47653
1049,2024-05-06 14:14:00+05:30,807.2,807.6,807.0,807.0,29875
1050,2024-05-06 14:15:00+05:30,807.0,807.25,806.5,807.25,40614
1051,2024-05-06 14:16:00+05:30,807.2,807.45,807.2,807.4,27725
1052,2024-05-06 14:17:00+05:30,807.4,807.9,807.25,807.6,41825
1053,2024-05-06 14:18:00+05:30,807.75,807.75,807.5,807.65,27690
1054,2024-05-06 14:19:00+05:30,807.65,808.2,807.65,808.2,50240
1055,2024-05-06 14:20:00+05:30,808.05,808.5,808.05,808.45,26292
1056,2024-05-06 14:21:00+05:30,808.45,809.15,808.45,809.0,61951
1057,2024-05-06 14:22:00+05:30,809.0,809.15,808.5,808.95,36682
1058,2024-05-06 14:23:00+05:30,808.85,809.15,808.4,809.15,36634
1059,2024-05-06 14:24:00+05:30,809.0,809.15,808.55,809.15,40550
1060,2024-05-06 14:25:00+05:30,809.15,809.4,808.85,809.25,40193
1061,2024-05-06 14:26:00+05:30,809.35,809.4,808.6,808.8,36439
1062,2024-05-06 14:27:00+05:30,808.65,809.1,808.65,808.75,26948
1063,2024-05-06 14:28:00+05:30,808.6,808.8,808.15,808.45,30402
1064,2024-05-06 14:29:00+05:30,808.4,808.7,808.25,808.7,29416
1065,2024-05-06 14:30:00+05:30,808.5,808.7,808.2,808.3,47567
1066,2024-05-06 14:31:00+05:30,808.3,808.45,808.05,808.15,33388
1067,2024-05-06 14:32:00+05:30,808.4,808.5,808.0,808.05,30595
1068,2024-05-06 14:33:00+05:30,808.05,808.35,806.7,807.0,62061
1069,2024-05-06 14:34:00+05:30,807.0,807.35,806.7,807.3,49576
1070,2024-05-06 14:35:00+05:30,807.1,807.95,807.05,807.6,64101
1071,2024-05-06 14:36:00+05:30,807.55,808.15,807.15,807.75,66302
1072,2024-05-06 14:37:00+05:30,807.6,808.35,807.5,808.1,54698
1073,2024-05-06 14:38:00+05:30,808.35,808.4,807.8,807.95,59972
1074,2024-05-06 14:39:00+05:30,807.8,808.45,807.75,808.15,73112
1075,2024-05-06 14:40:00+05:30,808.1,808.5,808.0,808.1,46122
1076,2024-05-06 14:41:00+05:30,808.35,808.45,808.0,808.0,38582
1077,2024-05-06 14:42:00+05:30,808.1,808.7,808.0,808.2,70001
1078,2024-05-06 14:43:00+05:30,808.2,809.1,808.2,808.55,111794
1079,2024-05-06 14:44:00+05:30,808.8,809.25,808.4,809.2,76359
1080,2024-05-06 14:45:00+05:30,809.1,809.8,808.75,809.1,99990
1081,2024-05-06 14:46:00+05:30,809.2,810.15,809.2,809.9,116054
1082,2024-05-06 14:47:00+05:30,809.8,810.15,809.55,809.75,75864
1083,2024-05-06 14:48:00+05:30,809.8,810.0,809.55,809.6,72324
1084,2024-05-06 14:49:00+05:30,809.65,809.95,809.6,809.7,40998
1085,2024-05-06 14:50:00+05:30,809.75,809.9,809.6,809.6,58765
1086,2024-05-06 14:51:00+05:30,809.6,809.65,808.35,808.8,67871
1087,2024-05-06 14:52:00+05:30,808.75,809.15,808.35,808.4,49019
1088,2024-05-06 14:53:00+05:30,808.55,809.0,808.35,808.6,74749
1089,2024-05-06 14:54:00+05:30,808.65,809.0,808.35,808.4,59772
1090,2024-05-06 14:55:00+05:30,808.35,809.15,808.25,808.85,80346
1091,2024-05-06 14:56:00+05:30,808.95,809.05,808.1,808.2,56251
1092,2024-05-06 14:57:00+05:30,808.15,808.9,808.0,808.0,54917
1093,2024-05-06 14:58:00+05:30,808.0,808.5,807.7,808.3,89737
1094,2024-05-06 14:59:00+05:30,808.4,808.55,808.0,808.1,74794
1095,2024-05-06 15:00:00+05:30,808.1,808.45,807.9,808.25,147902
1096,2024-05-06 15:01:00+05:30,808.25,808.45,807.95,808.05,175174
1097,2024-05-06 15:02:00+05:30,808.15,808.3,807.65,807.65,197187
1098,2024-05-06 15:03:00+05:30,807.7,808.65,807.55,808.2,154206
1099,2024-05-06 15:04:00+05:30,808.25,810.1,808.05,808.8,272139
1100,2024-05-06 15:05:00+05:30,808.8,808.8,807.9,808.1,76479
1101,2024-05-06 15:06:00+05:30,808.25,808.65,807.85,807.9,74418
1102,2024-05-06 15:07:00+05:30,807.9,808.35,807.35,808.2,72082
1103,2024-05-06 15:08:00+05:30,808.25,808.65,808.1,808.25,143928
1104,2024-05-06 15:09:00+05:30,808.35,808.35,808.15,808.15,85873
1105,2024-05-06 15:10:00+05:30,808.2,808.35,807.5,808.25,120896
1106,2024-05-06 15:11:00+05:30,808.2,808.4,807.5,807.7,65466
1107,2024-05-06 15:12:00+05:30,807.7,808.3,807.55,808.15,109797
1108,2024-05-06 15:13:00+05:30,808.15,808.35,807.05,807.3,81554
1109,2024-05-06 15:14:00+05:30,807.5,808.3,807.35,808.0,110572
1110,2024-05-06 15:15:00+05:30,808.05,808.5,807.95,808.35,145099
1111,2024-05-06 15:16:00+05:30,808.25,808.55,808.15,808.45,121574
1112,2024-05-06 15:17:00+05:30,808.5,808.5,807.1,807.4,224474
1113,2024-05-06 15:18:00+05:30,807.2,807.6,806.7,807.1,184506
1114,2024-05-06 15:19:00+05:30,807.1,807.35,806.7,806.75,143049
1115,2024-05-06 15:20:00+05:30,806.75,807.25,806.4,806.95,240289
1116,2024-05-06 15:21:00+05:30,807.0,807.65,806.8,807.0,102801
1117,2024-05-06 15:22:00+05:30,807.25,807.35,806.85,807.05,94194
1118,2024-05-06 15:23:00+05:30,807.1,807.4,806.6,807.1,111344
1119,2024-05-06 15:24:00+05:30,806.95,807.9,806.65,807.5,223066
1120,2024-05-06 15:25:00+05:30,807.5,807.85,806.8,807.45,116738
1121,2024-05-06 15:26:00+05:30,807.45,807.9,807.25,807.75,91281
1122,2024-05-06 15:27:00+05:30,807.85,808.3,807.5,807.6,103505
1123,2024-05-06 15:28:00+05:30,807.65,808.75,807.6,808.4,79657
1124,2024-05-06 15:29:00+05:30,808.4,809.5,808.1,809.5,42695
1125,2024-05-07 09:15:00+05:30,812.0,812.0,808.0,808.6,256076
1126,2024-05-07 09:16:00+05:30,809.0,810.15,807.8,809.85,186472
1127,2024-05-07 09:17:00+05:30,809.45,809.85,808.05,808.8,94573
1128,2024-05-07 09:18:00+05:30,808.8,809.3,807.55,809.15,104034
1129,2024-05-07 09:19:00+05:30,808.8,809.3,808.0,808.2,46503
1130,2024-05-07 09:20:00+05:30,808.4,808.55,806.9,808.0,87297
1131,2024-05-07 09:21:00+05:30,808.3,809.5,808.0,808.5,42621
1132,2024-05-07 09:22:00+05:30,808.5,810.8,808.2,810.6,93852
1133,2024-05-07 09:23:00+05:30,810.05,811.7,810.05,811.05,93247
1134,2024-05-07 09:24:00+05:30,811.25,811.25,809.9,810.4,55410
1135,2024-05-07 09:25:00+05:30,810.15,811.0,809.9,810.95,68829
1136,2024-05-07 09:26:00+05:30,811.0,811.7,810.6,811.5,116648
1137,2024-05-07 09:27:00+05:30,811.85,814.45,811.65,814.45,195241
1138,2024-05-07 09:28:00+05:30,814.15,814.65,812.15,812.9,144058
1139,2024-05-07 09:29:00+05:30,812.95,813.9,812.45,813.3,153645
1140,2024-05-07 09:30:00+05:30,813.35,814.0,812.7,812.7,95386
1141,2024-05-07 09:31:00+05:30,812.7,813.5,812.0,813.05,42799
1142,2024-05-07 09:32:00+05:30,812.95,813.1,810.55,811.45,86839
1143,2024-05-07 09:33:00+05:30,811.4,812.95,810.95,812.4,39717
1144,2024-05-07 09:34:00+05:30,812.55,812.9,811.45,811.55,27324
1145,2024-05-07 09:35:00+05:30,811.75,811.8,811.05,811.05,24990
1146,2024-05-07 09:36:00+05:30,811.15,811.55,811.0,811.55,25678
1147,2024-05-07 09:37:00+05:30,811.55,812.15,811.4,811.8,35155
1148,2024-05-07 09:38:00+05:30,811.9,811.9,810.5,811.2,51814
1149,2024-05-07 09:39:00+05:30,811.6,811.95,811.05,811.3,25843
1150,2024-05-07 09:40:00+05:30,811.45,812.0,810.6,811.95,34140
1151,2024-05-07 09:41:00+05:30,811.95,812.5,811.55,812.1,50573
1152,2024-05-07 09:42:00+05:30,812.4,812.45,811.65,812.05,40066
1153,2024-05-07 09:43:00+05:30,812.2,812.5,811.6,812.5,34822
1154,2024-05-07 09:44:00+05:30,812.25,812.4,811.75,812.05,30676
1155,2024-05-07 09:45:00+05:30,812.05,812.05,810.8,811.65,29845
1156,2024-05-07 09:46:00+05:30,811.65,812.4,811.55,812.3,28118
1157,2024-05-07 09:47:00+05:30,812.3,812.65,812.1,812.4,19769
1158,2024-05-07 09:48:00+05:30,812.4,813.0,812.0,812.05,28313
1159,2024-05-07 09:49:00+05:30,812.1,812.15,811.0,811.25,57311
1160,2024-05-07 09:50:00+05:30,811.0,811.9,810.9,811.7,51458
1161,2024-05-07 09:51:00+05:30,811.6,811.8,811.2,811.5,11076
1162,2024-05-07 09:52:00+05:30,811.5,811.7,810.4,811.25,60756
1163,2024-05-07 09:53:00+05:30,811.0,812.3,810.65,810.7,42392
1164,2024-05-07 09:54:00+05:30,810.7,810.85,809.4,809.45,64581
1165,2024-05-07 09:55:00+05:30,809.2,810.0,809.15,809.45,36421
1166,2024-05-07 09:56:00+05:30,809.6,810.0,809.1,809.5,39282
1167,2024-05-07 09:57:00+05:30,809.5,810.45,809.15,810.05,49025
1168,2024-05-07 09:58:00+05:30,810.0,810.2,808.3,808.5,64915
1169,2024-05-07 09:59:00+05:30,808.8,808.8,807.75,807.85,59265
1170,2024-05-07 10:00:00+05:30,808.15,808.35,806.7,806.8,84178
1171,2024-05-07 10:01:00+05:30,806.75,806.95,805.8,806.95,84569
1172,2024-05-07 10:02:00+05:30,806.9,807.85,806.65,807.05,30818
1173,2024-05-07 10:03:00+05:30,807.05,807.75,806.55,806.7,28120
1174,2024-05-07 10:04:00+05:30,806.55,806.9,806.0,806.45,36290
1175,2024-05-07 10:05:00+05:30,806.45,807.25,806.0,807.1,72507
1176,2024-05-07 10:06:00+05:30,806.8,808.2,806.8,807.85,40915
1177,2024-05-07 10:07:00+05:30,807.85,808.3,807.4,807.8,43833
1178,2024-05-07 10:08:00+05:30,807.6,807.9,807.1,807.75,32641
1179,2024-05-07 10:09:00+05:30,807.6,808.0,807.5,808.0,31779
1180,2024-05-07 10:10:00+05:30,808.0,808.0,807.25,807.7,40766
1181,2024-05-07 10:11:00+05:30,807.7,807.8,806.65,806.95,49821
1182,2024-05-07 10:12:00+05:30,806.95,807.2,805.3,806.95,265665
1183,2024-05-07 10:13:00+05:30,807.0,807.45,806.6,806.65,162038
1184,2024-05-07 10:14:00+05:30,806.7,807.55,806.65,806.8,34642
1185,2024-05-07 10:15:00+05:30,806.7,807.05,806.15,807.05,28383
1186,2024-05-07 10:16:00+05:30,807.0,807.25,806.45,806.6,49412
1187,2024-05-07 10:17:00+05:30,806.35,806.45,805.5,805.8,67659
1188,2024-05-07 10:18:00+05:30,805.8,807.0,805.6,806.75,47750
1189,2024-05-07 10:19:00+05:30,807.0,807.25,806.4,806.8,29265
1190,2024-05-07 10:20:00+05:30,806.75,806.75,805.6,805.65,55839
1191,2024-05-07 10:21:00+05:30,805.55,806.0,804.8,805.3,82006
1192,2024-05-07 10:22:00+05:30,805.3,806.0,805.3,805.85,31921
1193,2024-05-07 10:23:00+05:30,805.85,806.0,805.5,805.8,25306
1194,2024-05-07 10:24:00+05:30,805.55,806.3,805.55,806.25,16927
1195,2024-05-07 10:25:00+05:30,806.3,806.4,805.3,805.65,56478
1196,2024-05-07 10:26:00+05:30,805.65,805.95,805.25,805.8,19601
1197,2024-05-07 10:27:00+05:30,805.8,806.0,805.6,805.65,15194
1198,2024-05-07 10:28:00+05:30,805.75,805.85,804.65,805.0,41931
1199,2024-05-07 10:29:00+05:30,805.2,806.0,805.0,805.95,15746
1200,2024-05-07 10:30:00+05:30,805.9,806.8,805.7,806.35,17256
1201,2024-05-07 10:31:00+05:30,806.4,806.4,805.45,805.8,17012
1202,2024-05-07 10:32:00+05:30,805.8,806.0,805.0,805.2,16924
1203,2024-05-07 10:33:00+05:30,805.15,805.5,804.0,804.5,53587
1204,2024-05-07 10:34:00+05:30,804.25,804.5,803.25,804.15,44635
1205,2024-05-07 10:35:00+05:30,804.2,804.65,803.8,804.05,46108
1206,2024-05-07 10:36:00+05:30,804.15,804.25,803.65,803.8,28721
1207,2024-05-07 10:37:00+05:30,803.55,803.95,803.1,803.4,18918
1208,2024-05-07 10:38:00+05:30,803.1,803.65,802.55,803.35,57822
1209,2024-05-07 10:39:00+05:30,803.35,803.8,802.35,802.75,90448
1210,2024-05-07 10:40:00+05:30,802.75,803.35,802.3,803.15,16634
1211,2024-05-07 10:41:00+05:30,803.0,803.25,801.9,802.8,167143
1212,2024-05-07 10:42:00+05:30,802.7,803.45,802.6,803.35,22121
1213,2024-05-07 10:43:00+05:30,803.35,803.55,803.0,803.35,22306
1214,2024-05-07 10:44:00+05:30,803.4,803.5,802.7,802.7,11821
1215,2024-05-07 10:45:00+05:30,802.8,803.0,802.5,803.0,26359
1216,2024-05-07 10:46:00+05:30,803.0,803.0,802.3,802.55,43063
1217,2024-05-07 10:47:00+05:30,802.65,802.75,801.8,802.45,34363
1218,2024-05-07 10:48:00+05:30,802.65,803.0,802.35,803.0,27614
1219,2024-05-07 10:49:00+05:30,803.0,803.0,801.65,802.25,50698
1220,2024-05-07 10:50:00+05:30,802.25,802.25,801.6,802.2,51273
1221,2024-05-07 10:51:00+05:30,802.0,802.2,801.2,801.7,43869
1222,2024-05-07 10:52:00+05:30,801.55,801.8,800.55,801.0,71492
1223,2024-05-07 10:53:00+05:30,801.0,801.35,800.55,800.95,22850
1224,2024-05-07 10:54:00+05:30,800.95,801.0,800.1,800.45,44779
1225,2024-05-07 10:55:00+05:30,800.45,800.95,800.15,800.8,59891
1226,2024-05-07 10:56:00+05:30,800.75,801.45,800.5,801.35,37019
1227,2024-05-07 10:57:00+05:30,801.3,801.9,801.0,801.6,24036
1228,2024-05-07 10:58:00+05:30,801.6,802.5,801.5,802.5,23323
1229,2024-05-07 10:59:00+05:30,802.55,803.0,802.3,802.85,77865
1230,2024-05-07 11:00:00+05:30,802.5,802.7,800.55,800.85,59969
1231,2024-05-07 11:01:00+05:30,800.85,801.35,800.3,800.4,48111
1232,2024-05-07 11:02:00+05:30,800.4,800.4,799.0,800.0,164437
1233,2024-05-07 11:03:00+05:30,800.25,800.8,799.95,800.7,48000
1234,2024-05-07 11:04:00+05:30,800.4,800.65,798.55,798.6,74766
1235,2024-05-07 11:05:00+05:30,798.75,799.0,797.8,798.9,102765
1236,2024-05-07 11:06:00+05:30,799.0,799.3,798.55,799.15,37009
1237,2024-05-07 11:07:00+05:30,799.35,799.6,798.25,798.25,51006
1238,2024-05-07 11:08:00+05:30,798.25,798.55,797.45,798.25,55257
1239,2024-05-07 11:09:00+05:30,798.25,799.0,797.95,798.95,50585
1240,2024-05-07 11:10:00+05:30,798.95,798.95,797.8,798.5,46020
1241,2024-05-07 11:11:00+05:30,798.45,799.4,798.45,799.3,48128
1242,2024-05-07 11:12:00+05:30,799.2,799.25,798.25,798.5,34746
1243,2024-05-07 11:13:00+05:30,798.5,798.65,797.05,797.5,45486
1244,2024-05-07 11:14:00+05:30,797.5,798.05,797.1,797.1,41329
1245,2024-05-07 11:15:00+05:30,797.2,797.2,795.1,795.35,94616
1246,2024-05-07 11:16:00+05:30,795.35,795.5,794.45,795.15,87473
1247,2024-05-07 11:17:00+05:30,795.05,795.2,794.35,794.7,53044
1248,2024-05-07 11:18:00+05:30,794.65,796.15,793.8,794.2,109392
1249,2024-05-07 11:19:00+05:30,794.25,795.35,793.6,794.95,88411
1250,2024-05-07 11:20:00+05:30,795.0,795.35,793.75,794.0,62922
1251,2024-05-07 11:21:00+05:30,793.7,794.4,793.2,794.2,53951
1252,2024-05-07 11:22:00+05:30,794.15,795.55,794.15,795.3,79248
1253,2024-05-07 11:23:00+05:30,795.3,795.3,793.9,794.4,46284
1254,2024-05-07 11:24:00+05:30,794.4,794.95,793.95,794.75,25712
1255,2024-05-07 11:25:00+05:30,794.75,795.4,794.25,794.9,29865
1256,2024-05-07 11:26:00+05:30,794.9,794.9,794.2,794.35,36760
1257,2024-05-07 11:27:00+05:30,794.3,795.45,794.0,794.6,42772
1258,2024-05-07 11:28:00+05:30,794.55,795.0,794.35,794.6,36326
1259,2024-05-07 11:29:00+05:30,794.85,795.85,794.8,795.85,40128
1260,2024-05-07 11:30:00+05:30,795.95,796.3,795.5,795.95,39794
1261,2024-05-07 11:31:00+05:30,795.9,796.1,795.35,795.35,34573
1262,2024-05-07 11:32:00+05:30,795.45,796.0,794.75,795.65,33330
1263,2024-05-07 11:33:00+05:30,795.7,796.0,795.3,795.6,27979
1264,2024-05-07 11:34:00+05:30,795.65,796.0,795.0,795.05,24872
1265,2024-05-07 11:35:00+05:30,795.2,795.45,794.65,794.8,21043
1266,2024-05-07 11:36:00+05:30,794.8,795.0,794.2,794.6,42486
1267,2024-05-07 11:37:00+05:30,794.6,795.0,794.1,794.25,67505
1268,2024-05-07 11:38:00+05:30,794.25,794.8,794.25,794.6,26022
1269,2024-05-07 11:39:00+05:30,794.6,795.25,794.25,795.1,46042
1270,2024-05-07 11:40:00+05:30,795.3,796.5,795.1,796.0,52864
1271,2024-05-07 11:41:00+05:30,796.0,796.5,795.85,796.2,22807
1272,2024-05-07 11:42:00+05:30,796.3,796.4,795.65,796.2,23292
1273,2024-05-07 11:43:00+05:30,796.2,796.95,796.2,796.35,26628
1274,2024-05-07 11:44:00+05:30,796.45,797.5,796.15,797.25,36324
1275,2024-05-07 11:45:00+05:30,797.3,798.2,796.95,798.2,42014
1276,2024-05-07 11:46:00+05:30,798.2,798.55,797.85,798.5,33074
1277,2024-05-07 11:47:00+05:30,798.3,799.25,798.2,798.55,42341
1278,2024-05-07 11:48:00+05:30,798.25,798.6,798.0,798.25,26524
1279,2024-05-07 11:49:00+05:30,798.35,798.7,797.5,797.6,30308
1280,2024-05-07 11:50:00+05:30,797.55,798.0,797.0,797.15,27547
1281,2024-05-07 11:51:00+05:30,797.15,797.7,797.0,797.4,28176
1282,2024-05-07 11:52:00+05:30,797.4,798.15,797.15,797.6,25992
1283,2024-05-07 11:53:00+05:30,797.75,798.6,797.65,798.4,34330
1284,2024-05-07 11:54:00+05:30,798.6,799.1,798.35,799.1,39799
1285,2024-05-07 11:55:00+05:30,798.85,799.5,798.75,799.05,27910
1286,2024-05-07 11:56:00+05:30,799.1,799.1,798.1,798.1,26148
1287,2024-05-07 11:57:00+05:30,798.05,798.95,798.0,798.9,25658
1288,2024-05-07 11:58:00+05:30,798.9,799.2,798.6,799.0,27589
1289,2024-05-07 11:59:00+05:30,799.25,799.25,798.1,798.25,24898
1290,2024-05-07 12:00:00+05:30,798.0,798.5,797.95,798.1,35326
1291,2024-05-07 12:01:00+05:30,798.1,799.0,798.1,798.8,22764
1292,2024-05-07 12:02:00+05:30,798.6,798.9,798.25,798.75,14325
1293,2024-05-07 12:03:00+05:30,798.75,799.25,798.4,798.6,34030
1294,2024-05-07 12:04:00+05:30,798.55,799.25,798.5,799.0,22014
1295,2024-05-07 12:05:00+05:30,799.05,799.2,798.65,799.0,16939
1296,2024-05-07 12:06:00+05:30,799.0,799.5,798.7,799.15,24251
1297,2024-05-07 12:07:00+05:30,799.15,799.15,798.25,798.5,20198
1298,2024-05-07 12:08:00+05:30,798.6,798.65,798.0,798.05,22756
1299,2024-05-07 12:09:00+05:30,798.05,798.35,797.85,798.05,23151
1300,2024-05-07 12:10:00+05:30,798.05,798.95,797.9,798.7,23066
1301,2024-05-07 12:11:00+05:30,798.7,798.85,798.15,798.8,19900
1302,2024-05-07 12:12:00+05:30,798.75,798.9,798.25,798.75,22806
1303,2024-05-07 12:13:00+05:30,798.75,799.0,798.4,798.9,18533
1304,2024-05-07 12:14:00+05:30,798.9,798.9,798.05,798.4,33032
1305,2024-05-07 12:15:00+05:30,798.4,799.1,798.0,798.85,22042
1306,2024-05-07 12:16:00+05:30,798.85,798.95,798.3,798.65,16388
1307,2024-05-07 12:17:00+05:30,798.5,799.1,798.45,798.95,9519
1308,2024-05-07 12:18:00+05:30,798.95,799.3,798.7,799.2,25779
1309,2024-05-07 12:19:00+05:30,799.15,799.4,799.1,799.35,13538
1310,2024-05-07 12:20:00+05:30,799.2,800.0,799.1,799.9,26451
1311,2024-05-07 12:21:00+05:30,799.6,799.9,799.1,799.2,16740
1312,2024-05-07 12:22:00+05:30,799.2,799.25,798.75,798.85,27386
1313,2024-05-07 12:23:00+05:30,798.85,799.7,798.75,799.7,20375
1314,2024-05-07 12:24:00+05:30,799.7,800.85,799.5,799.75,121934
1315,2024-05-07 12:25:00+05:30,799.85,800.0,799.65,800.0,17801
1316,2024-05-07 12:26:00+05:30,800.3,801.25,800.25,800.9,95688
1317,2024-05-07 12:27:00+05:30,800.85,801.0,800.0,800.05,26523
1318,2024-05-07 12:28:00+05:30,800.0,800.2,799.55,800.0,34651
1319,2024-05-07 12:29:00+05:30,799.85,800.0,799.3,799.45,48578
1320,2024-05-07 12:30:00+05:30,799.45,799.95,798.25,798.4,19731
1321,2024-05-07 12:31:00+05:30,798.3,799.3,798.05,798.95,28761
1322,2024-05-07 12:32:00+05:30,798.9,799.55,798.85,799.2,12017
1323,2024-05-07 12:33:00+05:30,799.2,799.5,798.5,798.55,11736
1324,2024-05-07 12:34:00+05:30,798.55,798.85,798.15,798.45,15499
1325,2024-05-07 12:35:00+05:30,798.35,798.45,797.0,797.15,37776
1326,2024-05-07 12:36:00+05:30,797.35,798.2,796.55,797.0,65710
1327,2024-05-07 12:37:00+05:30,796.85,797.0,795.65,795.65,19555
1328,2024-05-07 12:38:00+05:30,795.65,796.2,795.5,795.8,18709
1329,2024-05-07 12:39:00+05:30,795.8,796.2,795.55,795.6,11999
1330,2024-05-07 12:40:00+05:30,795.65,796.2,795.5,796.0,12508
1331,2024-05-07 12:41:00+05:30,796.0,796.5,795.85,796.15,12232
1332,2024-05-07 12:42:00+05:30,796.15,796.95,796.15,796.65,15224
1333,2024-05-07 12:43:00+05:30,796.7,796.9,795.55,796.0,16528
1334,2024-05-07 12:44:00+05:30,795.9,796.0,795.55,795.9,7164
1335,2024-05-07 12:45:00+05:30,795.9,796.4,795.8,796.1,13533
1336,2024-05-07 12:46:00+05:30,796.3,796.4,795.9,795.9,9183
1337,2024-05-07 12:47:00+05:30,796.0,796.4,795.9,796.25,8150
1338,2024-05-07 12:48:00+05:30,796.4,796.45,796.0,796.4,8081
1339,2024-05-07 12:49:00+05:30,796.35,796.9,796.2,796.45,9217
1340,2024-05-07 12:50:00+05:30,796.55,796.6,795.8,795.85,10776
1341,2024-05-07 12:51:00+05:30,796.0,796.2,795.7,796.0,11242
1342,2024-05-07 12:52:00+05:30,796.0,796.3,795.5,795.55,9388
1343,2024-05-07 12:53:00+05:30,795.55,796.4,795.25,796.4,18092
1344,2024-05-07 12:54:00+05:30,796.5,796.7,796.05,796.3,14004
1345,2024-05-07 12:55:00+05:30,796.35,796.45,795.6,796.05,15076
1346,2024-05-07 12:56:00+05:30,796.05,796.85,796.0,796.55,12193
1347,2024-05-07 12:57:00+05:30,796.65,796.75,796.25,796.75,7480
1348,2024-05-07 12:58:00+05:30,796.7,797.2,796.4,797.15,20202
1349,2024-05-07 12:59:00+05:30,797.2,797.5,796.8,797.15,27548
1350,2024-05-07 13:00:00+05:30,797.15,797.9,797.15,797.9,10133
1351,2024-05-07 13:01:00+05:30,797.9,797.95,797.5,797.95,10529
1352,2024-05-07 13:02:00+05:30,797.95,798.0,797.5,797.6,9697
1353,2024-05-07 13:03:00+05:30,797.75,798.6,797.5,798.3,14968
1354,2024-05-07 13:04:00+05:30,798.2,798.75,797.55,798.25,8651
1355,2024-05-07 13:05:00+05:30,798.3,798.45,798.0,798.2,80914
1356,2024-05-07 13:06:00+05:30,798.3,798.4,797.4,797.75,16262
1357,2024-05-07 13:07:00+05:30,797.75,798.05,797.25,797.8,12890
1358,2024-05-07 13:08:00+05:30,798.05,798.5,797.85,798.5,10667
1359,2024-05-07 13:09:00+05:30,798.5,798.95,798.05,798.9,21519
1360,2024-05-07 13:10:00+05:30,798.95,799.3,798.55,799.3,22623
1361,2024-05-07 13:11:00+05:30,799.3,799.6,798.5,798.5,19014
1362,2024-05-07 13:12:00+05:30,798.5,798.9,798.15,798.35,13182
1363,2024-05-07 13:13:00+05:30,798.4,798.5,798.1,798.4,12402
1364,2024-05-07 13:14:00+05:30,798.5,798.6,797.9,797.9,7560
1365,2024-05-07 13:15:00+05:30,797.95,798.4,797.6,798.4,27369
1366,2024-05-07 13:16:00+05:30,798.4,798.8,798.25,798.8,15471
1367,2024-05-07 13:17:00+05:30,798.75,798.95,798.5,798.9,7372
1368,2024-05-07 13:18:00+05:30,798.9,799.2,798.35,799.05,21239
1369,2024-05-07 13:19:00+05:30,799.1,799.8,798.95,799.65,29779
1370,2024-05-07 13:20:00+05:30,799.65,800.0,799.5,799.95,101447
1371,2024-05-07 13:21:00+05:30,799.95,801.35,799.5,801.0,175576
1372,2024-05-07 13:22:00+05:30,800.95,801.7,800.5,800.7,48080
1373,2024-05-07 13:23:00+05:30,800.65,800.8,799.7,799.9,36593
1374,2024-05-07 13:24:00+05:30,799.9,800.0,799.2,799.5,43832
1375,2024-05-07 13:25:00+05:30,799.45,799.6,798.5,798.9,26872
1376,2024-05-07 13:26:00+05:30,798.95,800.0,798.65,799.9,38227
1377,2024-05-07 13:27:00+05:30,799.9,800.0,799.3,799.55,48098
1378,2024-05-07 13:28:00+05:30,799.8,800.0,799.5,799.95,57473
1379,2024-05-07 13:29:00+05:30,799.95,800.0,799.65,800.0,57970
1380,2024-05-07 13:30:00+05:30,800.0,801.15,799.9,800.05,163192
1381,2024-05-07 13:31:00+05:30,800.05,800.75,799.5,799.75,60761
1382,2024-05-07 13:32:00+05:30,799.75,800.45,799.65,800.3,178707
1383,2024-05-07 13:33:00+05:30,800.25,801.0,799.95,800.1,25611
1384,2024-05-07 13:34:00+05:30,800.1,800.5,799.8,799.9,18018
1385,2024-05-07 13:35:00+05:30,799.85,800.75,799.8,800.7,23078
1386,2024-05-07 13:36:00+05:30,801.5,802.0,800.65,801.4,89707
1387,2024-05-07 13:37:00+05:30,801.6,801.75,800.8,801.3,40722
1388,2024-05-07 13:38:00+05:30,801.3,803.15,801.1,803.0,86191
1389,2024-05-07 13:39:00+05:30,802.95,803.45,802.5,803.0,48638
1390,2024-05-07 13:40:00+05:30,803.0,803.5,802.5,802.5,53591
1391,2024-05-07 13:41:00+05:30,802.55,804.3,802.3,804.2,42276
1392,2024-05-07 13:42:00+05:30,804.1,804.8,803.35,804.0,68161
1393,2024-05-07 13:43:00+05:30,804.0,804.4,803.4,803.55,33629
1394,2024-05-07 13:44:00+05:30,803.7,803.95,803.2,803.85,27458
1395,2024-05-07 13:45:00+05:30,803.95,803.95,802.4,802.75,32097
1396,2024-05-07 13:46:00+05:30,802.8,803.75,802.6,803.5,47036
1397,2024-05-07 13:47:00+05:30,803.5,804.4,803.4,803.9,57716
1398,2024-05-07 13:48:00+05:30,803.95,804.3,803.2,803.65,24979
1399,2024-05-07 13:49:00+05:30,803.6,803.65,803.0,803.1,21530
1400,2024-05-07 13:50:00+05:30,803.0,803.1,802.3,802.35,20055
1401,2024-05-07 13:51:00+05:30,802.35,802.5,801.75,802.3,46795
1402,2024-05-07 13:52:00+05:30,802.35,802.35,801.25,801.5,31072
1403,2024-05-07 13:53:00+05:30,801.5,802.0,801.5,801.55,12283
1404,2024-05-07 13:54:00+05:30,801.6,803.0,801.55,802.75,24379
1405,2024-05-07 13:55:00+05:30,803.0,803.0,802.2,802.2,20390
1406,2024-05-07 13:56:00+05:30,802.3,802.7,802.0,802.35,14250
1407,2024-05-07 13:57:00+05:30,802.35,803.0,802.25,803.0,21239
1408,2024-05-07 13:58:00+05:30,802.95,803.35,802.7,802.95,24344
1409,2024-05-07 13:59:00+05:30,802.95,802.95,802.0,802.3,14507
1410,2024-05-07 14:00:00+05:30,802.1,802.1,801.4,801.85,22512
1411,2024-05-07 14:01:00+05:30,801.85,802.5,801.65,802.35,19732
1412,2024-05-07 14:02:00+05:30,802.4,802.85,802.2,802.5,16388
1413,2024-05-07 14:03:00+05:30,802.5,802.95,802.0,802.5,42789
1414,2024-05-07 14:04:00+05:30,802.55,803.5,802.5,803.15,58832
1415,2024-05-07 14:05:00+05:30,803.1,803.45,802.1,802.1,10825
1416,2024-05-07 14:06:00+05:30,802.25,802.35,801.6,801.8,20805
1417,2024-05-07 14:07:00+05:30,801.85,803.0,801.8,802.55,29098
1418,2024-05-07 14:08:00+05:30,802.55,802.9,802.5,802.75,9473
1419,2024-05-07 14:09:00+05:30,802.95,803.4,802.65,802.8,30381
1420,2024-05-07 14:10:00+05:30,802.9,802.9,801.9,802.15,14813
1421,2024-05-07 14:11:00+05:30,802.25,802.3,801.7,801.9,14920
1422,2024-05-07 14:12:00+05:30,801.95,802.7,801.75,802.25,13004
1423,2024-05-07 14:13:00+05:30,802.45,803.2,802.3,802.75,23123
1424,2024-05-07 14:14:00+05:30,802.7,803.0,802.6,802.95,12758
1425,2024-05-07 14:15:00+05:30,802.95,803.2,802.55,803.0,14644
1426,2024-05-07 14:16:00+05:30,802.9,803.0,802.5,802.6,22258
1427,2024-05-07 14:17:00+05:30,802.6,802.8,802.0,802.2,11569
1428,2024-05-07 14:18:00+05:30,802.2,803.0,802.0,802.6,12517
1429,2024-05-07 14:19:00+05:30,802.6,803.7,802.35,803.2,37170
1430,2024-05-07 14:20:00+05:30,803.2,804.0,803.2,803.95,31008
1431,2024-05-07 14:21:00+05:30,804.0,804.0,803.2,803.5,19656
1432,2024-05-07 14:22:00+05:30,803.55,803.55,802.1,802.2,23716
1433,2024-05-07 14:23:00+05:30,802.2,802.5,801.0,801.3,43018
1434,2024-05-07 14:24:00+05:30,801.3,801.5,800.45,801.45,58985
1435,2024-05-07 14:25:00+05:30,801.25,801.4,800.3,800.85,29662
1436,2024-05-07 14:26:00+05:30,800.85,801.0,800.35,801.0,25742
1437,2024-05-07 14:27:00+05:30,801.0,801.4,800.05,800.55,29497
1438,2024-05-07 14:28:00+05:30,800.55,800.7,800.0,800.15,20349
1439,2024-05-07 14:29:00+05:30,800.1,800.15,799.0,799.35,45489
1440,2024-05-07 14:30:00+05:30,799.35,800.45,798.8,800.25,36828
1441,2024-05-07 14:31:00+05:30,800.25,800.35,799.8,800.2,18100
1442,2024-05-07 14:32:00+05:30,800.2,800.4,800.0,800.35,16312
1443,2024-05-07 14:33:00+05:30,800.35,800.4,799.6,800.2,21138
1444,2024-05-07 14:34:00+05:30,800.3,801.2,800.05,800.75,23507
1445,2024-05-07 14:35:00+05:30,800.85,801.1,800.0,800.6,18847
1446,2024-05-07 14:36:00+05:30,800.75,801.35,800.6,801.35,15692
1447,2024-05-07 14:37:00+05:30,801.35,801.95,801.1,801.7,29838
1448,2024-05-07 14:38:00+05:30,801.65,802.0,801.65,801.9,22253
1449,2024-05-07 14:39:00+05:30,802.0,802.0,801.65,801.95,66960
1450,2024-05-07 14:40:00+05:30,802.0,802.9,801.95,802.5,105072
1451,2024-05-07 14:41:00+05:30,802.5,802.75,801.9,802.15,21445
1452,2024-05-07 14:42:00+05:30,802.2,803.0,802.1,802.7,28620
1453,2024-05-07 14:43:00+05:30,802.75,803.2,802.15,802.45,31851
1454,2024-05-07 14:44:00+05:30,802.35,802.5,802.1,802.3,29587
1455,2024-05-07 14:45:00+05:30,802.3,803.85,802.25,803.6,57560
1456,2024-05-07 14:46:00+05:30,803.6,803.65,802.75,803.0,27040
1457,2024-05-07 14:47:00+05:30,803.0,803.35,802.75,803.15,21755
1458,2024-05-07 14:48:00+05:30,803.15,803.3,802.65,802.65,27982
1459,2024-05-07 14:49:00+05:30,802.7,803.3,802.6,803.15,36514
1460,2024-05-07 14:50:00+05:30,803.15,804.65,802.95,804.0,83508
1461,2024-05-07 14:51:00+05:30,804.1,804.15,803.3,803.4,23124
1462,2024-05-07 14:52:00+05:30,803.45,803.5,802.75,802.9,24323
1463,2024-05-07 14:53:00+05:30,802.9,803.45,802.7,803.45,32134
1464,2024-05-07 14:54:00+05:30,803.35,803.5,803.2,803.5,27518
1465,2024-05-07 14:55:00+05:30,803.5,804.0,803.3,803.9,32656
1466,2024-05-07 14:56:00+05:30,804.0,804.6,803.8,804.3,37874
1467,2024-05-07 14:57:00+05:30,804.3,804.3,803.95,803.95,17506
1468,2024-05-07 14:58:00+05:30,803.95,804.0,803.65,803.8,19042
1469,2024-05-07 14:59:00+05:30,803.8,804.0,803.25,803.85,39954
1470,2024-05-07 15:00:00+05:30,803.7,804.9,803.65,803.75,72581
1471,2024-05-07 15:01:00+05:30,803.8,804.3,803.0,803.2,60304
1472,2024-05-07 15:02:00+05:30,803.15,803.5,802.4,803.3,65435
1473,2024-05-07 15:03:00+05:30,803.5,803.85,802.9,803.3,59990
1474,2024-05-07 15:04:00+05:30,803.1,803.45,802.8,803.05,60142
1475,2024-05-07 15:05:00+05:30,803.1,803.4,802.35,802.8,61537
1476,2024-05-07 15:06:00+05:30,802.85,803.1,802.1,802.25,64153
1477,2024-05-07 15:07:00+05:30,802.0,802.65,802.0,802.45,70983
1478,2024-05-07 15:08:00+05:30,802.65,802.7,801.05,801.05,84426
1479,2024-05-07 15:09:00+05:30,801.65,801.85,801.0,801.65,88284
1480,2024-05-07 15:10:00+05:30,801.65,802.55,801.45,802.5,88274
1481,2024-05-07 15:11:00+05:30,802.35,802.75,801.55,802.05,84517
1482,2024-05-07 15:12:00+05:30,801.95,802.65,801.5,802.0,93630
1483,2024-05-07 15:13:00+05:30,801.95,802.85,801.65,802.0,97463
1484,2024-05-07 15:14:00+05:30,802.1,802.55,801.85,802.15,108846
1485,2024-05-07 15:15:00+05:30,801.85,802.5,801.2,802.0,113412
1486,2024-05-07 15:16:00+05:30,801.65,802.0,801.05,801.5,95823
1487,2024-05-07 15:17:00+05:30,801.5,802.5,801.45,802.05,98697
1488,2024-05-07 15:18:00+05:30,802.3,802.3,801.35,801.85,103739
1489,2024-05-07 15:19:00+05:30,801.8,802.2,801.05,801.65,82263
1490,2024-05-07 15:20:00+05:30,801.45,801.8,800.65,800.85,86775
1491,2024-05-07 15:21:00+05:30,800.55,801.5,800.5,801.5,94550
1492,2024-05-07 15:22:00+05:30,801.15,801.65,800.7,801.2,76900
1493,2024-05-07 15:23:00+05:30,800.75,801.2,800.3,800.5,66586
1494,2024-05-07 15:24:00+05:30,800.5,801.2,800.15,800.95,96825
1495,2024-05-07 15:25:00+05:30,801.1,801.15,800.15,800.45,45106
1496,2024-05-07 15:26:00+05:30,800.75,801.0,800.3,800.55,57933
1497,2024-05-07 15:27:00+05:30,800.5,801.7,800.3,801.45,81556
1498,2024-05-07 15:28:00+05:30,801.45,802.7,800.95,802.6,59964
1499,2024-05-07 15:29:00+05:30,802.55,803.85,802.0,803.65,32847
1500,2024-05-08 09:15:00+05:30,802.6,805.95,802.05,804.3,177715
1501,2024-05-08 09:16:00+05:30,804.3,804.65,802.15,803.05,87494
1502,2024-05-08 09:17:00+05:30,803.35,803.35,799.5,801.8,102051
1503,2024-05-08 09:18:00+05:30,801.7,803.75,801.7,803.6,65933
1504,2024-05-08 09:19:00+05:30,803.35,805.45,802.55,805.45,72497
1505,2024-05-08 09:20:00+05:30,805.2,805.95,802.5,804.05,96055
1506,2024-05-08 09:21:00+05:30,804.4,805.15,804.15,804.65,56957
1507,2024-05-08 09:22:00+05:30,804.65,807.25,804.5,807.25,107397
1508,2024-05-08 09:23:00+05:30,806.8,808.25,806.8,806.9,115168
1509,2024-05-08 09:24:00+05:30,807.0,807.0,805.15,805.3,86473
1510,2024-05-08 09:25:00+05:30,805.35,806.95,804.8,806.65,50832
1511,2024-05-08 09:26:00+05:30,806.65,807.15,806.1,807.0,81532
1512,2024-05-08 09:27:00+05:30,807.1,807.1,804.15,804.2,107067
1513,2024-05-08 09:28:00+05:30,804.2,804.35,802.5,803.65,103733
1514,2024-05-08 09:29:00+05:30,803.45,804.7,803.05,804.35,79502
1515,2024-05-08 09:30:00+05:30,804.7,805.3,803.55,803.7,63928
1516,2024-05-08 09:31:00+05:30,803.65,805.15,803.4,804.9,79933
1517,2024-05-08 09:32:00+05:30,804.9,807.2,804.9,806.2,111998
1518,2024-05-08 09:33:00+05:30,806.0,807.5,805.75,806.35,101607
1519,2024-05-08 09:34:00+05:30,806.3,807.2,805.6,806.85,47582
1520,2024-05-08 09:35:00+05:30,807.2,808.0,806.7,807.75,76592
1521,2024-05-08 09:36:00+05:30,807.8,808.9,806.25,806.3,79413
1522,2024-05-08 09:37:00+05:30,806.4,807.4,805.5,805.8,68295
1523,2024-05-08 09:38:00+05:30,805.8,806.95,805.5,806.6,43764
1524,2024-05-08 09:39:00+05:30,806.5,807.8,806.5,807.3,61073
1525,2024-05-08 09:40:00+05:30,807.3,807.3,805.65,805.8,59570
1526,2024-05-08 09:41:00+05:30,806.0,806.1,804.45,805.0,86044
1527,2024-05-08 09:42:00+05:30,804.7,805.45,804.05,804.2,54722
1528,2024-05-08 09:43:00+05:30,804.2,805.85,804.2,804.9,51414
1529,2024-05-08 09:44:00+05:30,805.0,807.2,804.75,806.7,46361
1530,2024-05-08 09:45:00+05:30,806.7,808.4,806.1,807.3,143205
1531,2024-05-08 09:46:00+05:30,807.1,807.95,806.9,807.8,110544
1532,2024-05-08 09:47:00+05:30,807.8,807.8,806.25,806.25,71351
1533,2024-05-08 09:48:00+05:30,806.35,808.2,806.05,807.7,71791
1534,2024-05-08 09:49:00+05:30,807.55,808.15,806.8,807.9,54269
1535,2024-05-08 09:50:00+05:30,808.15,809.7,807.65,809.1,111043
1536,2024-05-08 09:51:00+05:30,809.4,809.5,808.3,808.8,37362
1537,2024-05-08 09:52:00+05:30,808.85,808.95,808.1,808.6,42115
1538,2024-05-08 09:53:00+05:30,808.6,808.85,807.5,808.5,72377
1539,2024-05-08 09:54:00+05:30,808.1,809.2,808.0,808.3,45394
1540,2024-05-08 09:55:00+05:30,808.25,810.0,808.0,810.0,81370
1541,2024-05-08 09:56:00+05:30,810.05,810.5,809.2,810.4,99037
1542,2024-05-08 09:57:00+05:30,810.3,811.0,810.0,810.5,85310
1543,2024-05-08 09:58:00+05:30,810.5,810.7,810.05,810.2,64456
1544,2024-05-08 09:59:00+05:30,810.4,810.4,808.8,809.05,87030
1545,2024-05-08 10:00:00+05:30,809.3,809.4,808.5,809.15,47719
1546,2024-05-08 10:01:00+05:30,809.15,810.8,808.95,810.55,46947
1547,2024-05-08 10:02:00+05:30,810.15,810.6,808.95,809.3,67392
1548,2024-05-08 10:03:00+05:30,809.2,809.5,808.8,809.2,36935
1549,2024-05-08 10:04:00+05:30,809.2,809.2,807.3,808.0,70282
1550,2024-05-08 10:05:00+05:30,808.0,809.0,807.65,808.5,41975
1551,2024-05-08 10:06:00+05:30,808.65,809.95,808.35,809.9,49660
1552,2024-05-08 10:07:00+05:30,809.75,809.75,808.0,809.25,322907
1553,2024-05-08 10:08:00+05:30,809.25,809.65,808.95,809.25,228063
1554,2024-05-08 10:09:00+05:30,809.2,809.45,808.6,808.85,61241
1555,2024-05-08 10:10:00+05:30,809.05,809.05,807.75,808.0,46221
1556,2024-05-08 10:11:00+05:30,808.05,808.55,807.8,808.2,60438
1557,2024-05-08 10:12:00+05:30,808.2,808.4,807.7,808.0,38792
1558,2024-05-08 10:13:00+05:30,807.7,808.2,807.6,808.0,29791
1559,2024-05-08 10:14:00+05:30,808.05,808.6,807.6,808.35,71890
1560,2024-05-08 10:15:00+05:30,808.3,809.4,808.3,809.35,52793
1561,2024-05-08 10:16:00+05:30,809.15,809.35,808.6,809.1,20283
1562,2024-05-08 10:17:00+05:30,809.25,809.6,808.8,809.5,30854
1563,2024-05-08 10:18:00+05:30,809.35,810.3,809.25,810.05,30821
1564,2024-05-08 10:19:00+05:30,810.05,811.6,809.95,811.05,63985
1565,2024-05-08 10:20:00+05:30,811.25,812.9,810.45,811.7,99486
1566,2024-05-08 10:21:00+05:30,812.0,812.0,808.95,808.95,92204
1567,2024-05-08 10:22:00+05:30,808.8,808.85,807.5,807.7,75414
1568,2024-05-08 10:23:00+05:30,807.8,807.9,806.8,807.0,82333
1569,2024-05-08 10:24:00+05:30,806.95,808.2,806.65,807.95,98878
1570,2024-05-08 10:25:00+05:30,807.95,808.6,807.35,808.2,61196
1571,2024-05-08 10:26:00+05:30,808.1,808.8,807.65,808.6,41997
1572,2024-05-08 10:27:00+05:30,808.65,809.0,808.05,808.3,32676
1573,2024-05-08 10:28:00+05:30,808.35,808.35,807.0,807.15,34011
1574,2024-05-08 10:29:00+05:30,807.15,807.35,806.2,806.95,89423
1575,2024-05-08 10:30:00+05:30,806.9,807.5,806.6,807.15,41482
1576,2024-05-08 10:31:00+05:30,807.35,807.45,806.1,806.1,27751
1577,2024-05-08 10:32:00+05:30,806.1,806.35,805.2,805.35,59480
1578,2024-05-08 10:33:00+05:30,805.3,806.35,805.3,806.1,46694
1579,2024-05-08 10:34:00+05:30,806.2,806.65,806.0,806.2,23398
1580,2024-05-08 10:35:00+05:30,806.2,806.2,805.1,805.15,41085
1581,2024-05-08 10:36:00+05:30,805.25,806.6,805.1,806.05,30780
1582,2024-05-08 10:37:00+05:30,806.05,806.4,805.7,806.2,22755
1583,2024-05-08 10:38:00+05:30,806.1,806.3,805.35,805.55,265120
1584,2024-05-08 10:39:00+05:30,805.6,806.7,805.4,806.5,20770
1585,2024-05-08 10:40:00+05:30,806.7,806.95,806.05,806.65,30265
1586,2024-05-08 10:41:00+05:30,806.35,806.8,805.25,805.6,34620
1587,2024-05-08 10:42:00+05:30,805.5,805.8,805.1,805.2,23669
1588,2024-05-08 10:43:00+05:30,805.2,805.5,804.45,804.9,63574
1589,2024-05-08 10:44:00+05:30,805.2,805.8,804.8,805.5,16453
1590,2024-05-08 10:45:00+05:30,805.5,805.5,805.0,805.15,33086
1591,2024-05-08 10:46:00+05:30,805.15,805.55,805.05,805.2,38660
1592,2024-05-08 10:47:00+05:30,805.2,805.35,804.25,804.5,47304
1593,2024-05-08 10:48:00+05:30,804.9,804.9,803.9,804.35,83466
1594,2024-05-08 10:49:00+05:30,804.1,805.25,803.75,804.65,56790
1595,2024-05-08 10:50:00+05:30,805.1,805.15,804.35,804.65,27725
1596,2024-05-08 10:51:00+05:30,804.55,804.7,803.7,804.4,25968
1597,2024-05-08 10:52:00+05:30,804.4,805.2,804.3,805.2,20853
1598,2024-05-08 10:53:00+05:30,805.0,805.2,804.1,804.45,21261
1599,2024-05-08 10:54:00+05:30,804.3,804.95,804.25,804.35,31981
1600,2024-05-08 10:55:00+05:30,804.3,805.95,804.25,805.55,25160
1601,2024-05-08 10:56:00+05:30,805.55,806.25,805.1,806.25,30081
1602,2024-05-08 10:57:00+05:30,806.3,807.2,806.0,806.75,49988
1603,2024-05-08 10:58:00+05:30,807.0,807.25,806.2,806.5,47242
1604,2024-05-08 10:59:00+05:30,806.35,806.6,805.8,805.95,32613
1605,2024-05-08 11:00:00+05:30,805.75,805.85,805.2,805.75,29819
1606,2024-05-08 11:01:00+05:30,805.75,806.15,805.3,806.1,23892
1607,2024-05-08 11:02:00+05:30,806.0,806.8,806.0,806.6,15892
1608,2024-05-08 11:03:00+05:30,806.6,806.65,806.05,806.45,19814
1609,2024-05-08 11:04:00+05:30,806.5,806.5,805.5,806.2,38282
1610,2024-05-08 11:05:00+05:30,806.2,806.4,805.35,805.6,33700
1611,2024-05-08 11:06:00+05:30,805.4,806.5,805.2,806.3,20437
1612,2024-05-08 11:07:00+05:30,806.25,806.95,805.8,806.9,17409
1613,2024-05-08 11:08:00+05:30,806.85,806.95,806.5,806.85,19033
1614,2024-05-08 11:09:00+05:30,806.85,806.85,806.1,806.7,19951
1615,2024-05-08 11:10:00+05:30,806.7,806.9,806.45,806.6,23478
1616,2024-05-08 11:11:00+05:30,806.6,807.15,806.5,806.9,46394
1617,2024-05-08 11:12:00+05:30,806.7,807.2,806.7,806.85,31764
1618,2024-05-08 11:13:00+05:30,807.1,807.25,806.65,807.2,19307
1619,2024-05-08 11:14:00+05:30,807.2,807.55,806.85,807.25,34305
1620,2024-05-08 11:15:00+05:30,807.15,807.75,807.15,807.6,41079
1621,2024-05-08 11:16:00+05:30,807.6,808.75,807.55,808.7,83793
1622,2024-05-08 11:17:00+05:30,808.45,809.0,808.25,808.95,54118
1623,2024-05-08 11:18:00+05:30,808.95,810.9,808.35,810.7,125561
1624,2024-05-08 11:19:00+05:30,810.75,811.8,810.5,811.8,158136
1625,2024-05-08 11:20:00+05:30,811.8,812.35,810.95,810.95,132366
1626,2024-05-08 11:21:00+05:30,811.25,812.0,810.6,810.85,54081
1627,2024-05-08 11:22:00+05:30,810.8,810.8,809.75,810.5,57791
1628,2024-05-08 11:23:00+05:30,810.4,811.0,810.1,810.9,44034
1629,2024-05-08 11:24:00+05:30,810.5,811.0,810.15,810.15,38457
1630,2024-05-08 11:25:00+05:30,810.4,810.95,809.75,809.75,31054
1631,2024-05-08 11:26:00+05:30,809.95,810.35,808.9,809.1,53760
1632,2024-05-08 11:27:00+05:30,809.05,809.7,808.8,809.05,41613
1633,2024-05-08 11:28:00+05:30,809.05,809.45,808.45,809.25,36373
1634,2024-05-08 11:29:00+05:30,809.05,809.5,809.0,809.5,24535
1635,2024-05-08 11:30:00+05:30,809.5,809.85,808.9,809.25,60490
1636,2024-05-08 11:31:00+05:30,809.2,809.7,808.8,809.2,29809
1637,2024-05-08 11:32:00+05:30,809.4,809.45,808.8,809.05,30293
1638,2024-05-08 11:33:00+05:30,809.05,809.45,808.6,809.45,33840
1639,2024-05-08 11:34:00+05:30,809.85,810.0,809.45,809.85,42304
1640,2024-05-08 11:35:00+05:30,809.85,809.95,809.3,809.35,108264
1641,2024-05-08 11:36:00+05:30,809.55,811.0,809.35,811.0,126261
1642,2024-05-08 11:37:00+05:30,811.0,811.55,810.4,810.55,51631
1643,2024-05-08 11:38:00+05:30,810.6,810.7,810.1,810.45,23971
1644,2024-05-08 11:39:00+05:30,810.45,811.25,810.45,811.25,45581
1645,2024-05-08 11:40:00+05:30,811.1,812.2,811.0,811.85,149943
1646,2024-05-08 11:41:00+05:30,811.85,812.1,811.5,811.65,48414
1647,2024-05-08 11:42:00+05:30,811.65,812.0,811.1,811.7,28498
1648,2024-05-08 11:43:00+05:30,811.7,812.05,811.5,811.75,48989
1649,2024-05-08 11:44:00+05:30,811.75,811.95,811.25,811.65,20084
1650,2024-05-08 11:45:00+05:30,811.8,812.5,811.55,812.35,61525
1651,2024-05-08 11:46:00+05:30,812.15,812.5,812.0,812.5,40861
1652,2024-05-08 11:47:00+05:30,812.1,812.95,812.1,812.85,50795
1653,2024-05-08 11:48:00+05:30,812.75,813.45,812.5,812.95,111961
1654,2024-05-08 11:49:00+05:30,812.95,813.15,812.15,812.55,38516
1655,2024-05-08 11:50:00+05:30,812.4,812.8,811.95,812.8,26352
1656,2024-05-08 11:51:00+05:30,812.75,813.4,812.4,813.35,64147
1657,2024-05-08 11:52:00+05:30,813.15,813.5,811.45,811.85,288696
1658,2024-05-08 11:53:00+05:30,811.7,812.35,811.25,812.15,85053
1659,2024-05-08 11:54:00+05:30,812.05,812.45,811.5,811.8,38218
1660,2024-05-08 11:55:00+05:30,811.55,812.0,811.5,811.95,20056
1661,2024-05-08 11:56:00+05:30,811.8,811.9,810.45,810.95,1719906
1662,2024-05-08 11:57:00+05:30,810.6,810.95,809.2,809.9,208722
1663,2024-05-08 11:58:00+05:30,809.9,810.7,809.4,810.7,315199
1664,2024-05-08 11:59:00+05:30,810.45,811.6,810.3,811.6,79646
1665,2024-05-08 12:00:00+05:30,811.45,811.85,810.55,811.85,45958
1666,2024-05-08 12:01:00+05:30,811.85,812.1,811.45,811.7,20117
1667,2024-05-08 12:02:00+05:30,811.7,812.0,811.55,811.8,15564
1668,2024-05-08 12:03:00+05:30,811.8,812.0,811.0,811.25,14586
1669,2024-05-08 12:04:00+05:30,811.25,811.4,810.5,811.3,30729
1670,2024-05-08 12:05:00+05:30,811.4,812.4,811.1,812.35,31013
1671,2024-05-08 12:06:00+05:30,812.35,812.5,811.75,812.25,19234
1672,2024-05-08 12:07:00+05:30,812.05,812.5,812.0,812.0,9189
1673,2024-05-08 12:08:00+05:30,812.1,812.5,812.0,812.1,12775
1674,2024-05-08 12:09:00+05:30,812.1,812.5,812.0,812.3,45740
1675,2024-05-08 12:10:00+05:30,812.3,812.4,811.05,811.1,25017
1676,2024-05-08 12:11:00+05:30,811.1,811.75,811.1,811.15,12703
1677,2024-05-08 12:12:00+05:30,811.15,811.5,810.85,811.0,15943
1678,2024-05-08 12:13:00+05:30,811.05,811.1,810.15,810.15,41359
1679,2024-05-08 12:14:00+05:30,810.15,811.2,810.1,810.85,42980
1680,2024-05-08 12:15:00+05:30,810.85,811.25,810.3,811.25,46255
1681,2024-05-08 12:16:00+05:30,811.25,812.0,811.15,811.65,47362
1682,2024-05-08 12:17:00+05:30,811.55,811.75,811.1,811.6,23641
1683,2024-05-08 12:18:00+05:30,811.65,812.4,811.5,812.05,39690
1684,2024-05-08 12:19:00+05:30,812.15,812.5,811.6,812.4,20577
1685,2024-05-08 12:20:00+05:30,812.4,812.7,812.2,812.45,42129
1686,2024-05-08 12:21:00+05:30,812.55,812.9,812.35,812.55,19586
1687,2024-05-08 12:22:00+05:30,812.65,812.9,811.85,811.85,20131
1688,2024-05-08 12:23:00+05:30,811.7,812.35,811.5,812.05,10071
1689,2024-05-08 12:24:00+05:30,812.15,812.25,811.6,811.7,13881
1690,2024-05-08 12:25:00+05:30,811.8,812.1,811.55,811.55,15390
1691,2024-05-08 12:26:00+05:30,811.5,812.0,811.45,811.85,10517
1692,2024-05-08 12:27:00+05:30,811.85,812.1,811.4,811.95,28249
1693,2024-05-08 12:28:00+05:30,812.1,812.1,811.5,812.05,14488
1694,2024-05-08 12:29:00+05:30,812.05,812.2,811.5,812.0,36268
1695,2024-05-08 12:30:00+05:30,811.95,812.2,811.75,812.2,33793
1696,2024-05-08 12:31:00+05:30,812.05,813.0,811.8,812.95,49062
1697,2024-05-08 12:32:00+05:30,812.9,813.95,812.45,813.8,69268
1698,2024-05-08 12:33:00+05:30,813.8,813.9,813.0,813.25,30321
1699,2024-05-08 12:34:00+05:30,813.25,813.25,812.55,812.8,32780
1700,2024-05-08 12:35:00+05:30,812.8,812.8,812.35,812.55,16939
1701,2024-05-08 12:36:00+05:30,812.5,812.8,812.45,812.8,16196
1702,2024-05-08 12:37:00+05:30,812.6,814.25,812.6,814.25,55759
1703,2024-05-08 12:38:00+05:30,814.0,814.5,814.0,814.25,51146
1704,2024-05-08 12:39:00+05:30,814.35,814.5,813.75,814.0,21938
1705,2024-05-08 12:40:00+05:30,814.0,814.35,813.9,814.2,23270
1706,2024-05-08 12:41:00+05:30,813.9,814.0,813.6,814.0,27181
1707,2024-05-08 12:42:00+05:30,814.0,814.8,813.8,814.75,50847
1708,2024-05-08 12:43:00+05:30,814.8,814.85,814.1,814.65,28229
1709,2024-05-08 12:44:00+05:30,814.5,814.65,814.3,814.3,40607
1710,2024-05-08 12:45:00+05:30,814.4,814.8,814.25,814.8,33852
1711,2024-05-08 12:46:00+05:30,814.8,815.6,814.4,814.7,153680
1712,2024-05-08 12:47:00+05:30,814.65,814.65,813.7,814.05,60611
1713,2024-05-08 12:48:00+05:30,814.05,814.95,813.8,814.65,35381
1714,2024-05-08 12:49:00+05:30,814.85,815.15,814.5,815.0,43920
1715,2024-05-08 12:50:00+05:30,815.0,815.3,814.6,815.05,73711
1716,2024-05-08 12:51:00+05:30,815.2,816.25,814.85,815.4,165878
1717,2024-05-08 12:52:00+05:30,815.4,816.25,815.25,816.25,48150
1718,2024-05-08 12:53:00+05:30,816.25,816.8,816.1,816.65,60366
1719,2024-05-08 12:54:00+05:30,816.65,817.0,816.15,816.6,96818
1720,2024-05-08 12:55:00+05:30,816.55,817.25,816.45,817.25,66406
1721,2024-05-08 12:56:00+05:30,817.1,818.0,816.95,817.65,100551
1722,2024-05-08 12:57:00+05:30,817.6,819.0,817.05,818.6,135396
1723,2024-05-08 12:58:00+05:30,818.35,819.35,818.0,819.35,141696
1724,2024-05-08 12:59:00+05:30,819.0,819.45,818.0,819.4,103763
1725,2024-05-08 13:00:00+05:30,819.25,820.0,819.1,819.65,138116
1726,2024-05-08 13:01:00+05:30,819.8,820.0,819.0,819.8,141269
1727,2024-05-08 13:02:00+05:30,819.55,819.7,818.45,818.45,69990
1728,2024-05-08 13:03:00+05:30,818.3,819.1,817.5,817.55,224817
1729,2024-05-08 13:04:00+05:30,818.0,818.75,817.7,817.9,83328
1730,2024-05-08 13:05:00+05:30,818.15,818.7,817.85,818.4,26775
1731,2024-05-08 13:06:00+05:30,818.2,819.35,818.2,818.95,38957
1732,2024-05-08 13:07:00+05:30,818.7,819.0,818.35,818.4,12702
1733,2024-05-08 13:08:00+05:30,818.7,818.7,816.45,816.8,115467
1734,2024-05-08 13:09:00+05:30,816.75,817.1,816.45,816.7,43244
1735,2024-05-08 13:10:00+05:30,816.7,816.7,815.15,816.25,119929
1736,2024-05-08 13:11:00+05:30,816.25,816.45,815.6,816.15,34160
1737,2024-05-08 13:12:00+05:30,816.15,816.8,815.35,815.45,64655
1738,2024-05-08 13:13:00+05:30,815.4,816.0,815.35,815.6,35731
1739,2024-05-08 13:14:00+05:30,815.85,816.4,815.45,815.8,62383
1740,2024-05-08 13:15:00+05:30,815.7,817.6,815.45,817.15,68807
1741,2024-05-08 13:16:00+05:30,817.15,817.9,816.55,816.9,71398
1742,2024-05-08 13:17:00+05:30,816.9,817.8,816.7,817.8,27823
1743,2024-05-08 13:18:00+05:30,817.5,818.6,817.5,818.45,67395
1744,2024-05-08 13:19:00+05:30,818.5,818.65,817.7,818.65,43158
1745,2024-05-08 13:20:00+05:30,818.4,819.0,818.25,818.95,45237
1746,2024-05-08 13:21:00+05:30,818.7,818.95,818.35,818.65,56951
1747,2024-05-08 13:22:00+05:30,818.5,818.6,817.55,817.6,60976
1748,2024-05-08 13:23:00+05:30,817.7,818.2,817.2,818.15,58785
1749,2024-05-08 13:24:00+05:30,818.2,818.8,817.0,818.35,69579
1750,2024-05-08 13:25:00+05:30,818.25,818.85,817.9,818.55,67366
1751,2024-05-08 13:26:00+05:30,818.25,819.2,818.25,818.95,145140
1752,2024-05-08 13:27:00+05:30,818.85,819.25,818.65,819.1,67427
1753,2024-05-08 13:28:00+05:30,819.0,819.3,818.75,819.25,28084
1754,2024-05-08 13:29:00+05:30,819.0,819.25,818.7,819.05,63095
1755,2024-05-08 13:30:00+05:30,819.05,819.65,818.7,819.5,134230
1756,2024-05-08 13:31:00+05:30,819.8,820.0,819.4,819.85,293084
1757,2024-05-08 13:32:00+05:30,819.95,820.4,819.85,820.15,212804
1758,2024-05-08 13:33:00+05:30,820.15,820.45,819.75,820.45,73002
1759,2024-05-08 13:34:00+05:30,820.45,820.45,819.65,820.0,55514
1760,2024-05-08 13:35:00+05:30,820.0,820.0,819.7,819.85,27786
1761,2024-05-08 13:36:00+05:30,819.9,820.75,818.3,819.85,323834
1762,2024-05-08 13:37:00+05:30,819.75,820.75,819.6,820.5,135019
1763,2024-05-08 13:38:00+05:30,820.25,820.6,819.65,820.05,102242
1764,2024-05-08 13:39:00+05:30,819.8,820.3,819.7,819.85,76277
1765,2024-05-08 13:40:00+05:30,820.15,821.4,819.8,821.25,180689
1766,2024-05-08 13:41:00+05:30,821.35,822.0,820.45,820.8,116758
1767,2024-05-08 13:42:00+05:30,820.45,820.8,819.55,819.95,48207
1768,2024-05-08 13:43:00+05:30,819.95,821.5,819.95,821.4,68419
1769,2024-05-08 13:44:00+05:30,821.35,821.5,820.45,820.8,35946
1770,2024-05-08 13:45:00+05:30,820.9,821.0,820.35,820.4,26161
1771,2024-05-08 13:46:00+05:30,820.45,820.5,820.0,820.2,36402
1772,2024-05-08 13:47:00+05:30,820.05,820.35,819.0,819.4,66824
1773,2024-05-08 13:48:00+05:30,819.55,819.55,816.55,817.35,162164
1774,2024-05-08 13:49:00+05:30,817.2,817.6,816.45,817.4,111335
1775,2024-05-08 13:50:00+05:30,817.15,817.5,816.2,816.9,111794
1776,2024-05-08 13:51:00+05:30,816.7,817.5,815.55,817.0,100201
1777,2024-05-08 13:52:00+05:30,816.75,818.5,816.4,818.5,66400
1778,2024-05-08 13:53:00+05:30,818.2,819.0,818.0,818.7,60444
1779,2024-05-08 13:54:00+05:30,818.8,818.9,816.35,816.35,60950
1780,2024-05-08 13:55:00+05:30,816.55,818.4,816.35,818.1,24392
1781,2024-05-08 13:56:00+05:30,818.05,818.1,817.45,817.65,20905
1782,2024-05-08 13:57:00+05:30,817.65,817.85,817.0,817.7,31636
1783,2024-05-08 13:58:00+05:30,817.7,817.8,817.45,817.65,15961
1784,2024-05-08 13:59:00+05:30,817.6,817.6,816.2,816.55,37571
1785,2024-05-08 14:00:00+05:30,816.45,817.65,816.45,817.45,25840
1786,2024-05-08 14:01:00+05:30,817.4,818.0,817.1,817.7,34483
1787,2024-05-08 14:02:00+05:30,817.7,817.9,817.05,817.6,31102
1788,2024-05-08 14:03:00+05:30,817.6,817.9,817.3,817.8,14135
1789,2024-05-08 14:04:00+05:30,817.55,818.0,817.55,817.7,13952
1790,2024-05-08 14:05:00+05:30,817.7,817.95,816.4,816.4,23035
1791,2024-05-08 14:06:00+05:30,816.4,817.5,816.4,817.4,20522
1792,2024-05-08 14:07:00+05:30,817.4,817.5,816.3,816.3,29979
1793,2024-05-08 14:08:00+05:30,816.55,816.95,816.2,816.4,26697
1794,2024-05-08 14:09:00+05:30,816.65,816.75,815.1,815.65,84651
1795,2024-05-08 14:10:00+05:30,815.5,816.0,814.3,815.45,77290
1796,2024-05-08 14:11:00+05:30,815.25,816.0,815.0,815.65,30153
1797,2024-05-08 14:12:00+05:30,815.6,816.35,815.5,815.5,37065
1798,2024-05-08 14:13:00+05:30,815.5,816.0,815.25,815.4,14575
1799,2024-05-08 14:14:00+05:30,815.55,816.2,815.05,815.35,35300
1800,2024-05-08 14:15:00+05:30,815.4,815.75,813.15,813.3,66947
1801,2024-05-08 14:16:00+05:30,813.5,813.9,810.75,811.45,135085
1802,2024-05-08 14:17:00+05:30,811.6,813.0,811.1,812.25,64497
1803,2024-05-08 14:18:00+05:30,812.25,812.7,811.05,811.9,43774
1804,2024-05-08 14:19:00+05:30,812.1,812.8,811.8,812.05,35336
1805,2024-05-08 14:20:00+05:30,812.0,812.65,810.85,811.0,69534
1806,2024-05-08 14:21:00+05:30,811.0,812.95,811.0,812.6,34182
1807,2024-05-08 14:22:00+05:30,812.2,812.9,811.6,812.5,30884
1808,2024-05-08 14:23:00+05:30,812.3,812.75,812.1,812.25,22622
1809,2024-05-08 14:24:00+05:30,812.05,813.15,811.7,813.05,31810
1810,2024-05-08 14:25:00+05:30,813.15,813.3,812.35,812.75,25755
1811,2024-05-08 14:26:00+05:30,812.75,813.9,812.75,813.7,34882
1812,2024-05-08 14:27:00+05:30,813.7,814.75,813.7,813.8,47550
1813,2024-05-08 14:28:00+05:30,814.05,814.3,813.55,813.9,23041
1814,2024-05-08 14:29:00+05:30,813.5,813.75,812.7,813.0,23524
1815,2024-05-08 14:30:00+05:30,812.8,813.0,812.35,812.55,19011
1816,2024-05-08 14:31:00+05:30,812.55,812.65,811.05,811.5,59849
1817,2024-05-08 14:32:00+05:30,811.5,812.95,811.3,812.65,26277
1818,2024-05-08 14:33:00+05:30,812.65,813.65,812.55,813.4,31802
1819,2024-05-08 14:34:00+05:30,813.05,813.4,812.55,812.9,22684
1820,2024-05-08 14:35:00+05:30,812.9,814.0,812.9,813.25,28858
1821,2024-05-08 14:36:00+05:30,813.25,813.9,813.25,813.35,11818
1822,2024-05-08 14:37:00+05:30,813.6,813.7,812.95,813.45,25930
1823,2024-05-08 14:38:00+05:30,813.4,813.85,813.3,813.35,18715
1824,2024-05-08 14:39:00+05:30,813.6,813.6,812.35,812.5,32271
1825,2024-05-08 14:40:00+05:30,812.5,812.95,812.0,812.4,40436
1826,2024-05-08 14:41:00+05:30,812.4,813.25,812.35,813.15,35273
1827,2024-05-08 14:42:00+05:30,813.15,813.25,812.55,812.95,10755
1828,2024-05-08 14:43:00+05:30,812.95,813.5,812.7,812.7,28450
1829,2024-05-08 14:44:00+05:30,812.7,814.3,812.7,813.85,63908
1830,2024-05-08 14:45:00+05:30,813.75,814.3,813.3,813.6,43897
1831,2024-05-08 14:46:00+05:30,813.6,814.25,812.95,813.55,40121
1832,2024-05-08 14:47:00+05:30,813.55,813.8,812.3,812.7,60653
1833,2024-05-08 14:48:00+05:30,812.9,812.95,812.2,812.4,38216
1834,2024-05-08 14:49:00+05:30,812.4,813.7,812.35,813.25,51898
1835,2024-05-08 14:50:00+05:30,813.15,814.5,813.15,814.5,75714
1836,2024-05-08 14:51:00+05:30,814.9,815.0,814.25,814.7,99159
1837,2024-05-08 14:52:00+05:30,814.6,815.0,813.95,814.15,99743
1838,2024-05-08 14:53:00+05:30,814.2,814.6,813.05,813.5,110296
1839,2024-05-08 14:54:00+05:30,813.85,814.45,813.5,814.25,55657
1840,2024-05-08 14:55:00+05:30,814.25,814.3,813.15,813.6,72506
1841,2024-05-08 14:56:00+05:30,813.45,814.0,812.95,813.95,77186
1842,2024-05-08 14:57:00+05:30,813.85,814.3,813.45,813.9,76227
1843,2024-05-08 14:58:00+05:30,813.95,813.95,813.55,813.9,62129
1844,2024-05-08 14:59:00+05:30,813.75,814.25,813.65,814.2,116767
1845,2024-05-08 15:00:00+05:30,814.1,814.25,812.95,813.35,270301
1846,2024-05-08 15:01:00+05:30,813.45,813.65,812.4,812.75,313432
1847,2024-05-08 15:02:00+05:30,812.75,812.75,811.85,811.9,211327
1848,2024-05-08 15:03:00+05:30,811.9,812.3,811.85,812.3,138389
1849,2024-05-08 15:04:00+05:30,812.15,812.3,810.8,811.05,139861
1850,2024-05-08 15:05:00+05:30,811.05,811.15,810.75,811.1,170223
1851,2024-05-08 15:06:00+05:30,811.15,811.35,810.95,811.25,153198
1852,2024-05-08 15:07:00+05:30,811.1,811.3,810.4,810.65,139235
1853,2024-05-08 15:08:00+05:30,810.6,810.95,810.5,810.6,187840
1854,2024-05-08 15:09:00+05:30,810.5,810.7,808.7,808.85,246667
1855,2024-05-08 15:10:00+05:30,808.7,810.0,807.55,809.3,324148
1856,2024-05-08 15:11:00+05:30,809.55,810.9,809.1,809.95,209037
1857,2024-05-08 15:12:00+05:30,809.95,811.45,809.45,810.85,199442
1858,2024-05-08 15:13:00+05:30,810.55,810.7,809.55,810.7,377673
1859,2024-05-08 15:14:00+05:30,810.65,811.0,810.05,810.65,192211
1860,2024-05-08 15:15:00+05:30,810.7,810.75,809.95,810.1,150129
1861,2024-05-08 15:16:00+05:30,810.1,810.45,809.85,810.15,181650
1862,2024-05-08 15:17:00+05:30,810.15,810.25,809.9,810.1,197828
1863,2024-05-08 15:18:00+05:30,810.05,810.25,809.9,810.1,124164
1864,2024-05-08 15:19:00+05:30,810.15,810.35,810.0,810.3,158055
1865,2024-05-08 15:20:00+05:30,810.3,810.45,810.1,810.1,144701
1866,2024-05-08 15:21:00+05:30,810.1,810.35,810.0,810.35,103480
1867,2024-05-08 15:22:00+05:30,810.25,810.45,810.25,810.45,97030
1868,2024-05-08 15:23:00+05:30,810.45,810.65,810.35,810.55,96437
1869,2024-05-08 15:24:00+05:30,810.6,810.75,810.25,810.25,81949
1870,2024-05-08 15:25:00+05:30,810.25,811.5,810.25,811.1,117920
1871,2024-05-08 15:26:00+05:30,811.05,811.4,810.75,810.85,110181
1872,2024-05-08 15:27:00+05:30,811.0,811.35,810.6,810.9,126079
1873,2024-05-08 15:28:00+05:30,810.9,811.35,810.65,811.25,90572
1874,2024-05-08 15:29:00+05:30,811.2,811.55,810.9,811.4,51512
1875,2024-05-09 09:15:00+05:30,811.9,816.45,810.05,816.3,214622
1876,2024-05-09 09:16:00+05:30,816.1,816.3,814.65,815.7,127951
1877,2024-05-09 09:17:00+05:30,815.7,816.05,815.0,816.05,83116
1878,2024-05-09 09:18:00+05:30,816.0,816.9,815.7,816.9,58052
1879,2024-05-09 09:19:00+05:30,816.8,818.25,816.45,818.25,97069
1880,2024-05-09 09:20:00+05:30,818.1,818.1,815.8,816.4,113616
1881,2024-05-09 09:21:00+05:30,816.15,817.8,816.0,817.1,80461
1882,2024-05-09 09:22:00+05:30,817.4,817.4,816.65,816.7,59910
1883,2024-05-09 09:23:00+05:30,816.6,817.0,815.55,816.2,68902
1884,2024-05-09 09:24:00+05:30,816.0,817.0,815.85,816.5,46019
1885,2024-05-09 09:25:00+05:30,816.65,816.65,814.0,814.0,87302
1886,2024-05-09 09:26:00+05:30,813.9,814.55,812.75,813.7,97920
1887,2024-05-09 09:27:00+05:30,813.45,813.45,812.2,812.55,76899
1888,2024-05-09 09:28:00+05:30,812.55,813.7,811.55,813.6,125408
1889,2024-05-09 09:29:00+05:30,813.7,814.45,813.45,814.25,59141
1890,2024-05-09 09:30:00+05:30,814.35,815.35,814.3,814.9,56240
1891,2024-05-09 09:31:00+05:30,814.7,815.75,814.2,815.25,30108
1892,2024-05-09 09:32:00+05:30,815.35,816.0,814.8,815.05,44309
1893,2024-05-09 09:33:00+05:30,815.0,815.4,814.5,815.05,31006
1894,2024-05-09 09:34:00+05:30,815.05,815.15,814.5,814.65,32924
1895,2024-05-09 09:35:00+05:30,814.65,814.95,814.1,814.95,18624
1896,2024-05-09 09:36:00+05:30,814.9,815.4,814.9,815.4,27332
1897,2024-05-09 09:37:00+05:30,815.4,815.9,815.0,815.8,37871
1898,2024-05-09 09:38:00+05:30,815.8,815.8,813.75,813.85,48928
1899,2024-05-09 09:39:00+05:30,813.6,814.4,813.1,814.2,58082
1900,2024-05-09 09:40:00+05:30,814.15,814.4,813.5,813.55,17228
1901,2024-05-09 09:41:00+05:30,813.5,813.75,813.05,813.35,24066
1902,2024-05-09 09:42:00+05:30,813.35,813.45,812.5,812.9,35295
1903,2024-05-09 09:43:00+05:30,812.75,813.4,812.5,813.0,24048
1904,2024-05-09 09:44:00+05:30,813.3,813.3,812.55,812.95,39305
1905,2024-05-09 09:45:00+05:30,812.95,814.4,812.95,814.4,37627
1906,2024-05-09 09:46:00+05:30,814.35,814.5,813.6,814.5,43175
1907,2024-05-09 09:47:00+05:30,814.5,815.5,814.0,814.7,68455
1908,2024-05-09 09:48:00+05:30,814.7,814.95,814.1,814.1,14702
1909,2024-05-09 09:49:00+05:30,814.0,816.1,813.5,814.6,75186
1910,2024-05-09 09:50:00+05:30,814.35,815.15,814.0,814.95,40851
1911,2024-05-09 09:51:00+05:30,814.75,815.15,814.35,814.75,24142
1912,2024-05-09 09:52:00+05:30,814.55,815.85,814.35,815.85,30084
1913,2024-05-09 09:53:00+05:30,815.75,816.8,815.4,816.25,84512
1914,2024-05-09 09:54:00+05:30,816.55,816.7,816.0,816.5,36473
1915,2024-05-09 09:55:00+05:30,816.3,816.75,815.55,815.75,53002
1916,2024-05-09 09:56:00+05:30,815.6,815.9,815.0,815.6,25407
1917,2024-05-09 09:57:00+05:30,815.5,815.55,815.0,815.1,18763
1918,2024-05-09 09:58:00+05:30,815.35,815.45,814.2,814.2,48369
1919,2024-05-09 09:59:00+05:30,814.2,814.9,814.0,814.35,33109
1920,2024-05-09 10:00:00+05:30,814.35,815.5,814.3,814.95,27795
1921,2024-05-09 10:01:00+05:30,814.95,815.5,814.65,814.85,19342
1922,2024-05-09 10:02:00+05:30,814.75,815.6,814.6,815.55,27966
1923,2024-05-09 10:03:00+05:30,815.4,816.0,815.05,815.4,37491
1924,2024-05-09 10:04:00+05:30,815.4,816.2,815.3,816.2,33587
1925,2024-05-09 10:05:00+05:30,816.1,816.4,815.9,815.9,29365
1926,2024-05-09 10:06:00+05:30,816.0,816.4,815.8,816.35,28097
1927,2024-05-09 10:07:00+05:30,816.4,816.4,815.1,815.4,15401
1928,2024-05-09 10:08:00+05:30,815.25,816.4,815.1,816.2,26378
1929,2024-05-09 10:09:00+05:30,816.1,816.25,815.2,815.7,19481
1930,2024-05-09 10:10:00+05:30,815.55,815.85,814.7,814.95,30449
1931,2024-05-09 10:11:00+05:30,814.95,815.2,814.25,814.3,20072
1932,2024-05-09 10:12:00+05:30,814.35,814.8,813.7,814.05,37891
1933,2024-05-09 10:13:00+05:30,813.7,814.4,813.65,814.0,39180
1934,2024-05-09 10:14:00+05:30,813.95,814.0,813.2,813.45,29986
1935,2024-05-09 10:15:00+05:30,813.45,814.95,813.0,814.75,54432
1936,2024-05-09 10:16:00+05:30,814.75,815.1,814.55,814.95,50614
1937,2024-05-09 10:17:00+05:30,814.95,815.0,814.0,814.2,15862
1938,2024-05-09 10:18:00+05:30,814.4,814.9,814.0,814.45,16578
1939,2024-05-09 10:19:00+05:30,814.45,814.75,814.05,814.05,13511
1940,2024-05-09 10:20:00+05:30,814.3,814.9,813.95,814.75,19352
1941,2024-05-09 10:21:00+05:30,814.75,814.95,813.05,813.05,36348
1942,2024-05-09 10:22:00+05:30,813.0,813.8,812.75,813.4,39454
1943,2024-05-09 10:23:00+05:30,813.3,813.6,813.0,813.2,21374
1944,2024-05-09 10:24:00+05:30,813.05,813.15,812.1,812.25,45871
1945,2024-05-09 10:25:00+05:30,812.3,812.45,811.3,811.3,67775
1946,2024-05-09 10:26:00+05:30,811.3,813.65,811.3,812.0,75183
1947,2024-05-09 10:27:00+05:30,812.0,812.45,812.0,812.05,21790
1948,2024-05-09 10:28:00+05:30,812.0,812.0,810.95,811.3,42103
1949,2024-05-09 10:29:00+05:30,811.2,811.35,809.8,810.45,116721
1950,2024-05-09 10:30:00+05:30,810.6,810.8,810.1,810.25,34051
1951,2024-05-09 10:31:00+05:30,810.45,811.9,810.25,811.45,45943
1952,2024-05-09 10:32:00+05:30,811.4,811.85,811.25,811.45,27275
1953,2024-05-09 10:33:00+05:30,811.8,811.85,810.5,811.25,30045
1954,2024-05-09 10:34:00+05:30,811.0,812.0,810.9,811.5,109178
1955,2024-05-09 10:35:00+05:30,811.5,812.0,810.95,811.95,42389
1956,2024-05-09 10:36:00+05:30,811.95,812.25,811.65,811.7,24117
1957,2024-05-09 10:37:00+05:30,811.7,812.05,811.5,811.8,21020
1958,2024-05-09 10:38:00+05:30,811.85,811.85,810.8,810.8,40633
1959,2024-05-09 10:39:00+05:30,811.0,811.1,810.05,810.3,32102
1960,2024-05-09 10:40:00+05:30,810.15,810.6,810.05,810.25,26441
1961,2024-05-09 10:41:00+05:30,810.05,811.15,810.05,810.95,33014
1962,2024-05-09 10:42:00+05:30,810.95,811.45,810.45,810.5,22407
1963,2024-05-09 10:43:00+05:30,810.5,810.8,810.05,810.05,18561
1964,2024-05-09 10:44:00+05:30,810.05,810.15,809.05,809.4,68640
1965,2024-05-09 10:45:00+05:30,809.35,810.0,809.05,810.0,47058
1966,2024-05-09 10:46:00+05:30,810.0,810.5,809.3,810.3,30951
1967,2024-05-09 10:47:00+05:30,810.1,810.65,809.55,809.85,94921
1968,2024-05-09 10:48:00+05:30,809.9,811.0,809.7,810.95,33735
1969,2024-05-09 10:49:00+05:30,811.0,811.0,810.15,810.5,20314
1970,2024-05-09 10:50:00+05:30,810.45,811.95,810.3,811.7,88883
1971,2024-05-09 10:51:00+05:30,811.65,811.75,810.8,811.7,79020
1972,2024-05-09 10:52:00+05:30,811.5,812.4,811.25,812.3,60714
1973,2024-05-09 10:53:00+05:30,812.3,812.7,811.6,812.2,41345
1974,2024-05-09 10:54:00+05:30,812.35,812.45,811.5,811.9,62251
1975,2024-05-09 10:55:00+05:30,811.9,812.1,811.05,811.2,64649
1976,2024-05-09 10:56:00+05:30,811.2,812.55,811.1,811.9,79253
1977,2024-05-09 10:57:00+05:30,811.9,813.0,811.9,812.75,106088
1978,2024-05-09 10:58:00+05:30,812.75,813.5,812.5,812.9,116451
1979,2024-05-09 10:59:00+05:30,812.5,812.75,811.35,812.45,106907
1980,2024-05-09 11:00:00+05:30,812.3,812.6,811.5,811.75,35978
1981,2024-05-09 11:01:00+05:30,811.55,811.75,811.15,811.3,18167
1982,2024-05-09 11:02:00+05:30,811.3,811.3,810.3,810.7,57440
1983,2024-05-09 11:03:00+05:30,810.55,811.0,810.1,810.95,42466
1984,2024-05-09 11:04:00+05:30,810.85,811.35,810.5,810.5,15072
1985,2024-05-09 11:05:00+05:30,810.5,810.95,809.55,809.85,68662
1986,2024-05-09 11:06:00+05:30,810.1,810.45,809.05,809.4,28528
1987,2024-05-09 11:07:00+05:30,809.65,810.15,809.25,809.7,42851
1988,2024-05-09 11:08:00+05:30,810.05,810.6,809.35,810.45,51878
1989,2024-05-09 11:09:00+05:30,810.3,810.35,809.6,809.95,28701
1990,2024-05-09 11:10:00+05:30,809.95,810.45,809.75,809.8,54550
1991,2024-05-09 11:11:00+05:30,809.75,810.25,809.55,809.75,23267
1992,2024-05-09 11:12:00+05:30,809.5,810.0,809.5,809.9,27896
1993,2024-05-09 11:13:00+05:30,809.55,810.15,809.4,809.85,34060
1994,2024-05-09 11:14:00+05:30,810.0,810.0,808.6,809.0,89540
1995,2024-05-09 11:15:00+05:30,808.65,809.35,808.1,809.05,85280
1996,2024-05-09 11:16:00+05:30,809.05,809.95,809.05,809.5,23635
1997,2024-05-09 11:17:00+05:30,809.5,809.65,809.0,809.3,31815
1998,2024-05-09 11:18:00+05:30,809.35,809.45,808.65,809.0,55448
1999,2024-05-09 11:19:00+05:30,809.25,809.55,807.2,807.5,101812
2000,2024-05-09 11:20:00+05:30,807.85,809.4,807.45,808.9,68983
2001,2024-05-09 11:21:00+05:30,808.9,808.9,807.55,808.0,58860
2002,2024-05-09 11:22:00+05:30,808.0,808.25,807.3,808.05,62762
2003,2024-05-09 11:23:00+05:30,808.1,808.3,807.55,807.65,40373
2004,2024-05-09 11:24:00+05:30,807.6,807.85,806.2,806.5,74758
2005,2024-05-09 11:25:00+05:30,806.5,807.0,806.05,806.55,39381
2006,2024-05-09 11:26:00+05:30,806.8,807.0,806.45,806.9,27046
2007,2024-05-09 11:27:00+05:30,806.7,807.5,805.85,807.05,99174
2008,2024-05-09 11:28:00+05:30,807.25,808.15,806.9,807.9,48751
2009,2024-05-09 11:29:00+05:30,807.9,808.4,807.45,808.35,54362
2010,2024-05-09 11:30:00+05:30,808.35,808.5,807.65,808.0,61091
2011,2024-05-09 11:31:00+05:30,808.0,808.15,807.5,807.55,27424
2012,2024-05-09 11:32:00+05:30,807.9,807.9,806.9,807.65,31676
2013,2024-05-09 11:33:00+05:30,807.7,808.75,807.35,808.25,59289
2014,2024-05-09 11:34:00+05:30,808.0,808.55,807.75,807.8,35033
2015,2024-05-09 11:35:00+05:30,808.1,808.95,807.8,808.75,22723
2016,2024-05-09 11:36:00+05:30,808.75,809.0,808.1,808.25,40104
2017,2024-05-09 11:37:00+05:30,808.3,809.6,808.25,809.45,103882
2018,2024-05-09 11:38:00+05:30,809.1,809.4,808.75,809.0,50983
2019,2024-05-09 11:39:00+05:30,809.25,810.0,808.8,809.45,73743
2020,2024-05-09 11:40:00+05:30,809.45,809.75,809.0,809.05,94948
2021,2024-05-09 11:41:00+05:30,809.4,809.4,808.2,808.55,81530
2022,2024-05-09 11:42:00+05:30,808.55,809.5,808.35,808.75,37845
2023,2024-05-09 11:43:00+05:30,808.75,809.5,808.5,809.3,25297
2024,2024-05-09 11:44:00+05:30,809.35,809.5,809.0,809.4,35918
2025,2024-05-09 11:45:00+05:30,809.5,810.0,809.05,809.85,135461
2026,2024-05-09 11:46:00+05:30,809.85,812.2,809.65,811.95,132919
2027,2024-05-09 11:47:00+05:30,811.6,813.2,811.5,812.9,114984
2028,2024-05-09 11:48:00+05:30,812.9,814.0,812.35,813.8,200422
2029,2024-05-09 11:49:00+05:30,813.75,814.4,813.2,813.2,106179
2030,2024-05-09 11:50:00+05:30,813.2,813.9,812.6,813.8,54421
2031,2024-05-09 11:51:00+05:30,813.9,813.95,812.4,812.65,46901
2032,2024-05-09 11:52:00+05:30,812.35,812.9,811.2,812.65,103135
2033,2024-05-09 11:53:00+05:30,812.25,813.75,812.25,813.05,61059
2034,2024-05-09 11:54:00+05:30,813.2,814.25,813.05,813.85,113119
2035,2024-05-09 11:55:00+05:30,813.85,814.5,812.65,812.9,55627
2036,2024-05-09 11:56:00+05:30,812.9,813.3,812.8,812.95,12647
2037,2024-05-09 11:57:00+05:30,812.9,813.3,812.75,813.05,18440
2038,2024-05-09 11:58:00+05:30,813.05,813.45,813.0,813.2,8916
2039,2024-05-09 11:59:00+05:30,813.15,813.3,812.45,812.95,23991
2040,2024-05-09 12:00:00+05:30,812.95,813.0,811.5,811.9,57654
2041,2024-05-09 12:01:00+05:30,811.9,812.6,811.2,812.6,30883
2042,2024-05-09 12:02:00+05:30,812.5,813.3,812.45,812.55,25390
2043,2024-05-09 12:03:00+05:30,812.55,813.65,812.15,813.3,26049
2044,2024-05-09 12:04:00+05:30,813.3,814.5,813.3,814.5,38307
2045,2024-05-09 12:05:00+05:30,814.45,814.75,814.0,814.25,45485
2046,2024-05-09 12:06:00+05:30,814.0,814.15,813.5,813.8,18392
2047,2024-05-09 12:07:00+05:30,813.8,814.2,813.65,814.2,26356
2048,2024-05-09 12:08:00+05:30,814.2,814.5,813.85,814.05,16638
2049,2024-05-09 12:09:00+05:30,814.05,814.2,813.5,813.75,9907
2050,2024-05-09 12:10:00+05:30,813.8,813.95,813.5,813.95,13224
2051,2024-05-09 12:11:00+05:30,813.95,814.2,813.5,813.9,42986
2052,2024-05-09 12:12:00+05:30,813.9,814.7,813.7,814.7,66805
2053,2024-05-09 12:13:00+05:30,814.8,815.3,814.3,814.9,122722
2054,2024-05-09 12:14:00+05:30,814.7,814.8,813.8,813.95,20623
2055,2024-05-09 12:15:00+05:30,813.85,814.05,813.6,813.95,38615
2056,2024-05-09 12:16:00+05:30,813.9,814.15,813.3,814.0,89033
2057,2024-05-09 12:17:00+05:30,814.1,814.3,813.85,813.95,89523
2058,2024-05-09 12:18:00+05:30,814.2,816.0,814.2,815.9,91800
2059,2024-05-09 12:19:00+05:30,815.9,816.0,815.4,815.6,44572
2060,2024-05-09 12:20:00+05:30,815.8,817.0,815.8,816.8,118356
2061,2024-05-09 12:21:00+05:30,816.5,817.0,816.1,816.8,66860
2062,2024-05-09 12:22:00+05:30,816.75,816.75,815.8,816.05,45585
2063,2024-05-09 12:23:00+05:30,815.75,816.4,815.75,815.9,28365
2064,2024-05-09 12:24:00+05:30,815.9,815.95,814.8,815.95,37734
2065,2024-05-09 12:25:00+05:30,815.95,815.95,814.45,814.7,27070
2066,2024-05-09 12:26:00+05:30,814.7,814.75,813.75,813.75,27880
2067,2024-05-09 12:27:00+05:30,814.2,814.2,813.3,813.9,46880
2068,2024-05-09 12:28:00+05:30,813.9,814.0,813.5,813.65,21156
2069,2024-05-09 12:29:00+05:30,813.8,813.85,813.3,813.7,26731
2070,2024-05-09 12:30:00+05:30,813.7,813.7,812.55,813.2,44032
2071,2024-05-09 12:31:00+05:30,812.95,813.55,812.4,812.8,49602
2072,2024-05-09 12:32:00+05:30,812.8,812.9,810.6,812.3,71895
2073,2024-05-09 12:33:00+05:30,812.3,812.3,811.65,811.9,21810
2074,2024-05-09 12:34:00+05:30,812.2,812.4,811.6,812.3,19607
2075,2024-05-09 12:35:00+05:30,812.1,812.5,811.45,811.65,30850
2076,2024-05-09 12:36:00+05:30,811.95,812.0,811.0,811.25,53136
2077,2024-05-09 12:37:00+05:30,811.25,811.9,809.65,810.45,116529
2078,2024-05-09 12:38:00+05:30,810.2,811.3,810.1,810.9,48356
2079,2024-05-09 12:39:00+05:30,810.85,811.25,810.75,810.9,30022
2080,2024-05-09 12:40:00+05:30,811.1,811.8,810.85,811.7,26471
2081,2024-05-09 12:41:00+05:30,811.7,811.7,811.25,811.55,11285
2082,2024-05-09 12:42:00+05:30,811.35,811.6,811.05,811.3,6870
2083,2024-05-09 12:43:00+05:30,811.5,812.0,811.25,812.0,19813
2084,2024-05-09 12:44:00+05:30,811.85,812.9,811.75,812.45,31149
2085,2024-05-09 12:45:00+05:30,812.5,812.9,812.5,812.85,17071
2086,2024-05-09 12:46:00+05:30,812.8,812.9,812.0,812.25,22427
2087,2024-05-09 12:47:00+05:30,812.2,812.2,810.3,810.7,32728
2088,2024-05-09 12:48:00+05:30,810.7,810.75,809.0,809.75,88067
2089,2024-05-09 12:49:00+05:30,809.7,810.55,809.55,810.2,17291
2090,2024-05-09 12:50:00+05:30,810.0,810.25,809.25,809.3,42934
2091,2024-05-09 12:51:00+05:30,809.55,810.35,808.95,808.95,42696
2092,2024-05-09 12:52:00+05:30,808.95,809.5,807.75,807.95,65801
2093,2024-05-09 12:53:00+05:30,807.95,809.0,807.55,808.9,31828
2094,2024-05-09 12:54:00+05:30,808.85,809.0,808.1,808.3,25040
2095,2024-05-09 12:55:00+05:30,808.5,808.5,807.0,808.0,73899
2096,2024-05-09 12:56:00+05:30,808.0,808.35,807.4,808.25,22742
2097,2024-05-09 12:57:00+05:30,808.25,808.25,807.0,807.25,29512
2098,2024-05-09 12:58:00+05:30,807.25,807.45,805.7,805.95,231078
2099,2024-05-09 12:59:00+05:30,806.4,806.95,805.05,805.35,150272
2100,2024-05-09 13:00:00+05:30,804.9,807.45,803.55,807.25,208368
2101,2024-05-09 13:01:00+05:30,807.0,807.25,806.05,806.45,57004
2102,2024-05-09 13:02:00+05:30,806.2,806.95,805.4,806.6,79360
2103,2024-05-09 13:03:00+05:30,806.6,807.7,806.0,807.45,60591
2104,2024-05-09 13:04:00+05:30,807.6,808.6,807.1,808.5,80377
2105,2024-05-09 13:05:00+05:30,808.55,808.8,807.2,807.55,23687
2106,2024-05-09 13:06:00+05:30,807.6,808.95,807.25,808.9,26014
2107,2024-05-09 13:07:00+05:30,808.95,810.0,808.5,809.9,44271
2108,2024-05-09 13:08:00+05:30,809.9,810.3,809.4,809.85,33483
2109,2024-05-09 13:09:00+05:30,809.85,810.3,808.6,808.6,49886
2110,2024-05-09 13:10:00+05:30,808.85,809.3,807.65,808.25,37328
2111,2024-05-09 13:11:00+05:30,808.05,808.95,807.9,808.0,32044
2112,2024-05-09 13:12:00+05:30,808.0,808.45,807.6,807.65,19054
2113,2024-05-09 13:13:00+05:30,807.7,808.75,807.15,808.75,27730
2114,2024-05-09 13:14:00+05:30,808.75,810.6,808.45,810.3,49270
2115,2024-05-09 13:15:00+05:30,810.4,811.55,809.9,809.9,96195
2116,2024-05-09 13:16:00+05:30,809.95,810.25,809.45,810.1,15390
2117,2024-05-09 13:17:00+05:30,809.8,810.8,809.7,810.75,20505
2118,2024-05-09 13:18:00+05:30,810.75,811.6,810.55,811.5,21410
2119,2024-05-09 13:19:00+05:30,811.65,811.65,809.3,810.0,106464
2120,2024-05-09 13:20:00+05:30,809.95,810.0,809.0,809.05,22059
2121,2024-05-09 13:21:00+05:30,809.1,809.1,808.05,808.75,46768
2122,2024-05-09 13:22:00+05:30,808.75,808.75,808.0,808.4,23056
2123,2024-05-09 13:23:00+05:30,808.35,808.75,807.6,807.8,21274
2124,2024-05-09 13:24:00+05:30,808.0,808.4,807.8,808.35,10924
2125,2024-05-09 13:25:00+05:30,808.3,809.7,808.3,809.45,22198
2126,2024-05-09 13:26:00+05:30,809.45,809.9,808.15,808.35,34248
2127,2024-05-09 13:27:00+05:30,808.55,810.0,808.4,810.0,10291
2128,2024-05-09 13:28:00+05:30,810.0,810.2,809.6,810.0,31461
2129,2024-05-09 13:29:00+05:30,810.0,810.0,809.4,809.95,21409
2130,2024-05-09 13:30:00+05:30,809.7,810.0,808.7,809.0,8593
2131,2024-05-09 13:31:00+05:30,808.95,810.0,808.9,809.8,29215
2132,2024-05-09 13:32:00+05:30,809.9,810.05,809.4,809.7,24808
2133,2024-05-09 13:33:00+05:30,809.75,810.0,809.2,809.9,14286
2134,2024-05-09 13:34:00+05:30,810.0,810.0,809.55,809.9,13739
2135,2024-05-09 13:35:00+05:30,809.9,810.0,809.8,810.0,25801
2136,2024-05-09 13:36:00+05:30,810.0,810.0,809.8,809.9,24017
2137,2024-05-09 13:37:00+05:30,809.95,810.25,809.7,810.0,43315
2138,2024-05-09 13:38:00+05:30,810.0,810.0,809.65,809.9,28229
2139,2024-05-09 13:39:00+05:30,809.95,812.0,809.75,812.0,56026
2140,2024-05-09 13:40:00+05:30,812.0,812.6,811.2,811.5,63684
2141,2024-05-09 13:41:00+05:30,811.45,812.4,811.0,812.4,14666
2142,2024-05-09 13:42:00+05:30,812.2,812.4,811.25,811.45,33635
2143,2024-05-09 13:43:00+05:30,811.4,812.2,811.25,811.85,21153
2144,2024-05-09 13:44:00+05:30,811.95,812.4,811.75,812.25,44268
2145,2024-05-09 13:45:00+05:30,812.2,812.9,812.05,812.9,32525
2146,2024-05-09 13:46:00+05:30,812.9,815.5,812.45,815.0,186063
2147,2024-05-09 13:47:00+05:30,815.0,824.3,814.85,824.3,2051140
2148,2024-05-09 13:48:00+05:30,824.15,829.8,824.15,829.8,1177777
2149,2024-05-09 13:49:00+05:30,830.4,833.8,827.85,827.85,953696
2150,2024-05-09 13:50:00+05:30,827.9,831.0,825.15,826.2,760432
2151,2024-05-09 13:51:00+05:30,825.95,827.0,824.45,825.2,514584
2152,2024-05-09 13:52:00+05:30,825.25,828.7,824.6,827.55,572100
2153,2024-05-09 13:53:00+05:30,827.55,828.7,822.05,823.4,588286
2154,2024-05-09 13:54:00+05:30,823.4,823.8,817.95,820.15,863128
2155,2024-05-09 13:55:00+05:30,820.15,821.1,819.0,819.2,452825
2156,2024-05-09 13:56:00+05:30,818.8,819.3,817.25,818.6,285005
2157,2024-05-09 13:57:00+05:30,818.75,818.85,815.35,815.8,555702
2158,2024-05-09 13:58:00+05:30,815.9,816.15,815.0,815.45,613555
2159,2024-05-09 13:59:00+05:30,815.0,815.7,809.95,810.55,735227
2160,2024-05-09 14:00:00+05:30,810.45,811.6,808.65,810.7,1166955
2161,2024-05-09 14:01:00+05:30,810.6,811.85,810.3,811.6,528301
2162,2024-05-09 14:02:00+05:30,811.85,811.9,811.05,811.6,316262
2163,2024-05-09 14:03:00+05:30,811.65,817.35,811.5,817.35,669844
2164,2024-05-09 14:04:00+05:30,816.95,825.0,816.95,824.75,1005229
2165,2024-05-09 14:05:00+05:30,824.7,825.95,822.45,825.35,808231
2166,2024-05-09 14:06:00+05:30,825.9,828.15,821.5,828.15,587384
2167,2024-05-09 14:07:00+05:30,828.0,828.65,825.0,827.5,452709
2168,2024-05-09 14:08:00+05:30,827.85,829.9,825.75,829.5,426891
2169,2024-05-09 14:09:00+05:30,829.5,835.95,829.5,834.5,1238358
2170,2024-05-09 14:10:00+05:30,834.65,835.5,832.5,835.0,686702
2171,2024-05-09 14:11:00+05:30,835.05,839.65,833.8,836.0,1132090
2172,2024-05-09 14:12:00+05:30,835.95,838.75,833.45,837.1,568652
2173,2024-05-09 14:13:00+05:30,837.0,837.95,835.0,837.0,435136
2174,2024-05-09 14:14:00+05:30,837.2,839.55,833.45,833.45,744314
2175,2024-05-09 14:15:00+05:30,833.2,837.95,833.2,835.15,469446
2176,2024-05-09 14:16:00+05:30,834.8,835.0,829.5,831.0,515926
2177,2024-05-09 14:17:00+05:30,830.4,833.35,828.1,832.1,456299
2178,2024-05-09 14:18:00+05:30,831.7,834.75,830.85,830.85,262553
2179,2024-05-09 14:19:00+05:30,830.7,831.45,829.0,829.9,203798
2180,2024-05-09 14:20:00+05:30,829.8,833.4,829.0,832.6,206353
2181,2024-05-09 14:21:00+05:30,832.35,833.2,829.65,829.7,174714
2182,2024-05-09 14:22:00+05:30,829.4,832.4,829.4,831.25,149959
2183,2024-05-09 14:23:00+05:30,831.35,831.95,829.75,830.5,156830
2184,2024-05-09 14:24:00+05:30,830.6,830.95,826.4,827.45,337679
2185,2024-05-09 14:25:00+05:30,827.45,829.85,826.9,828.0,182933
2186,2024-05-09 14:26:00+05:30,828.1,830.0,827.6,829.05,133006
2187,2024-05-09 14:27:00+05:30,829.1,830.95,828.2,828.3,189017
2188,2024-05-09 14:28:00+05:30,828.45,829.0,827.2,828.5,92352
2189,2024-05-09 14:29:00+05:30,828.8,828.95,827.55,828.35,101584
2190,2024-05-09 14:30:00+05:30,828.4,828.65,826.1,827.95,195200
2191,2024-05-09 14:31:00+05:30,828.25,830.45,827.25,830.15,154020
2192,2024-05-09 14:32:00+05:30,830.15,831.4,826.6,827.2,208722
2193,2024-05-09 14:33:00+05:30,827.0,828.5,827.0,827.1,94588
2194,2024-05-09 14:34:00+05:30,827.3,827.75,825.3,825.8,125971
2195,2024-05-09 14:35:00+05:30,825.75,827.3,825.25,825.75,112886
2196,2024-05-09 14:36:00+05:30,825.7,826.0,822.8,823.6,420645
2197,2024-05-09 14:37:00+05:30,823.7,824.5,823.1,823.9,197269
2198,2024-05-09 14:38:00+05:30,824.3,824.5,822.15,823.2,170678
2199,2024-05-09 14:39:00+05:30,823.2,823.85,822.7,823.15,104211
2200,2024-05-09 14:40:00+05:30,823.55,823.55,820.2,820.4,244122
2201,2024-05-09 14:41:00+05:30,820.7,822.05,820.4,820.95,213320
2202,2024-05-09 14:42:00+05:30,820.95,820.95,818.85,820.9,324799
2203,2024-05-09 14:43:00+05:30,821.0,821.0,818.65,818.8,180234
2204,2024-05-09 14:44:00+05:30,818.8,819.0,816.65,818.4,199876
2205,2024-05-09 14:45:00+05:30,818.75,820.9,818.35,820.75,221631
2206,2024-05-09 14:46:00+05:30,820.75,821.95,819.6,821.8,239629
2207,2024-05-09 14:47:00+05:30,821.95,824.65,821.95,823.35,327070
2208,2024-05-09 14:48:00+05:30,823.3,823.6,820.6,820.95,208444
2209,2024-05-09 14:49:00+05:30,820.8,822.5,820.8,822.2,109720
2210,2024-05-09 14:50:00+05:30,822.6,826.0,822.4,825.95,272757
2211,2024-05-09 14:51:00+05:30,825.95,826.5,824.65,824.65,292885
2212,2024-05-09 14:52:00+05:30,824.9,827.95,824.6,827.35,252345
2213,2024-05-09 14:53:00+05:30,827.4,827.55,825.15,825.65,191806
2214,2024-05-09 14:54:00+05:30,825.55,825.9,824.25,824.65,102429
2215,2024-05-09 14:55:00+05:30,824.75,826.2,824.3,825.1,94642
2216,2024-05-09 14:56:00+05:30,825.1,825.4,822.4,822.75,235262
2217,2024-05-09 14:57:00+05:30,822.35,822.8,820.6,822.1,314158
2218,2024-05-09 14:58:00+05:30,821.9,822.4,820.25,820.55,162377
2219,2024-05-09 14:59:00+05:30,820.75,821.9,819.7,820.1,404039
2220,2024-05-09 15:00:00+05:30,820.2,821.6,819.9,820.7,357499
2221,2024-05-09 15:01:00+05:30,820.9,821.0,818.75,819.45,299586
2222,2024-05-09 15:02:00+05:30,819.55,819.95,818.75,819.0,175865
2223,2024-05-09 15:03:00+05:30,819.0,820.25,819.0,819.6,121589
2224,2024-05-09 15:04:00+05:30,819.9,820.0,819.2,820.0,95760
2225,2024-05-09 15:05:00+05:30,820.0,820.0,818.8,819.6,124726
2226,2024-05-09 15:06:00+05:30,819.4,820.0,819.4,819.4,148532
2227,2024-05-09 15:07:00+05:30,819.65,819.95,819.1,819.45,91858
2228,2024-05-09 15:08:00+05:30,819.45,819.85,819.25,819.85,85727
2229,2024-05-09 15:09:00+05:30,819.6,819.95,817.8,817.8,134732
2230,2024-05-09 15:10:00+05:30,817.85,819.6,817.75,819.25,103775
2231,2024-05-09 15:11:00+05:30,819.05,819.35,818.6,818.8,75916
2232,2024-05-09 15:12:00+05:30,819.0,820.35,818.8,819.2,195475
2233,2024-05-09 15:13:00+05:30,819.05,819.3,818.5,818.6,89346
2234,2024-05-09 15:14:00+05:30,818.6,818.75,818.0,818.45,95405
2235,2024-05-09 15:15:00+05:30,818.25,819.2,818.2,818.6,123126
2236,2024-05-09 15:16:00+05:30,818.6,818.7,818.1,818.45,69184
2237,2024-05-09 15:17:00+05:30,818.45,819.0,818.3,819.0,285251
2238,2024-05-09 15:18:00+05:30,818.95,820.35,818.75,820.3,216977
2239,2024-05-09 15:19:00+05:30,820.4,821.85,819.6,820.85,192811
2240,2024-05-09 15:20:00+05:30,820.8,821.65,819.65,820.05,240441
2241,2024-05-09 15:21:00+05:30,820.0,820.45,819.1,819.9,78555
2242,2024-05-09 15:22:00+05:30,819.7,819.95,818.45,818.9,81009
2243,2024-05-09 15:23:00+05:30,818.9,819.8,818.7,819.25,64089
2244,2024-05-09 15:24:00+05:30,819.45,819.45,818.35,819.25,125815
2245,2024-05-09 15:25:00+05:30,819.0,819.8,819.0,819.8,87967
2246,2024-05-09 15:26:00+05:30,819.8,820.3,819.45,820.25,166129
2247,2024-05-09 15:27:00+05:30,820.1,822.8,820.1,822.55,134272
2248,2024-05-09 15:28:00+05:30,822.2,822.5,820.0,820.3,249916
2249,2024-05-09 15:29:00+05:30,820.5,821.0,819.8,820.0,297986
2250,2024-05-10 09:15:00+05:30,827.0,831.1,825.35,828.4,883875
2251,2024-05-10 09:16:00+05:30,827.85,832.05,827.85,829.55,848356
2252,2024-05-10 09:17:00+05:30,829.7,829.7,826.6,826.6,459311
2253,2024-05-10 09:18:00+05:30,826.95,827.5,824.6,825.45,349322
2254,2024-05-10 09:19:00+05:30,825.85,826.15,821.05,821.05,344991
2255,2024-05-10 09:20:00+05:30,821.2,821.8,816.65,818.6,478946
2256,2024-05-10 09:21:00+05:30,818.55,821.5,818.0,820.5,275720
2257,2024-05-10 09:22:00+05:30,820.25,820.3,818.0,820.0,216749
2258,2024-05-10 09:23:00+05:30,820.4,823.35,819.35,823.35,224586
2259,2024-05-10 09:24:00+05:30,823.2,823.75,820.65,822.1,232882
2260,2024-05-10 09:25:00+05:30,822.15,823.2,820.95,823.2,206464
2261,2024-05-10 09:26:00+05:30,823.3,826.9,823.15,824.4,307580
2262,2024-05-10 09:27:00+05:30,824.55,825.8,823.4,825.2,172138
2263,2024-05-10 09:28:00+05:30,824.8,826.4,822.55,823.15,190705
2264,2024-05-10 09:29:00+05:30,823.15,824.5,822.9,824.5,123223
2265,2024-05-10 09:30:00+05:30,824.8,826.25,824.55,825.1,129640
2266,2024-05-10 09:31:00+05:30,824.75,825.35,824.0,824.6,89483
2267,2024-05-10 09:32:00+05:30,824.7,825.25,823.6,825.0,91372
2268,2024-05-10 09:33:00+05:30,825.2,825.8,823.7,823.9,78921
2269,2024-05-10 09:34:00+05:30,824.0,824.0,822.0,823.2,143533
2270,2024-05-10 09:35:00+05:30,823.15,823.15,819.65,820.75,196911
2271,2024-05-10 09:36:00+05:30,820.5,822.05,820.5,822.05,104198
2272,2024-05-10 09:37:00+05:30,822.05,823.45,821.8,822.05,80105
2273,2024-05-10 09:38:00+05:30,822.1,822.45,820.5,821.0,115944
2274,2024-05-10 09:39:00+05:30,821.0,821.75,818.7,818.7,162930
2275,2024-05-10 09:40:00+05:30,819.15,819.2,817.05,817.8,165623
2276,2024-05-10 09:41:00+05:30,817.85,820.5,817.85,819.85,97349
2277,2024-05-10 09:42:00+05:30,819.95,820.9,819.45,820.15,67605
2278,2024-05-10 09:43:00+05:30,820.1,820.8,819.4,820.1,76892
2279,2024-05-10 09:44:00+05:30,819.9,820.75,819.5,819.85,66676
2280,2024-05-10 09:45:00+05:30,820.05,821.75,819.8,820.65,150716
2281,2024-05-10 09:46:00+05:30,820.65,821.3,819.6,819.95,71991
2282,2024-05-10 09:47:00+05:30,820.4,821.4,820.15,820.4,55429
2283,2024-05-10 09:48:00+05:30,820.65,822.95,820.5,821.95,120658
2284,2024-05-10 09:49:00+05:30,822.25,822.75,821.5,821.75,42091
2285,2024-05-10 09:50:00+05:30,821.8,822.0,819.35,819.35,76181
2286,2024-05-10 09:51:00+05:30,819.6,821.5,819.55,821.5,62837
2287,2024-05-10 09:52:00+05:30,821.45,822.75,820.45,822.7,75456
2288,2024-05-10 09:53:00+05:30,822.85,822.85,821.5,822.5,40976
2289,2024-05-10 09:54:00+05:30,822.6,823.3,822.1,822.55,60074
2290,2024-05-10 09:55:00+05:30,822.55,823.35,822.25,823.2,35830
2291,2024-05-10 09:56:00+05:30,823.05,823.5,822.55,822.8,51451
2292,2024-05-10 09:57:00+05:30,823.15,823.7,822.35,822.55,64128
2293,2024-05-10 09:58:00+05:30,822.8,823.35,822.45,823.3,40699
2294,2024-05-10 09:59:00+05:30,823.5,825.0,823.45,824.95,144656
2295,2024-05-10 10:00:00+05:30,824.95,825.5,824.6,825.35,101001
2296,2024-05-10 10:01:00+05:30,825.6,826.1,824.3,824.85,150037
2297,2024-05-10 10:02:00+05:30,824.8,827.2,824.35,827.0,114096
2298,2024-05-10 10:03:00+05:30,827.3,827.45,826.3,826.4,113141
2299,2024-05-10 10:04:00+05:30,826.5,827.65,825.7,827.65,145129
2300,2024-05-10 10:05:00+05:30,827.75,827.9,826.65,827.0,80928
2301,2024-05-10 10:06:00+05:30,827.2,828.0,826.75,827.9,109357
2302,2024-05-10 10:07:00+05:30,827.65,828.15,826.85,826.85,84159
2303,2024-05-10 10:08:00+05:30,826.9,827.3,825.05,825.5,91547
2304,2024-05-10 10:09:00+05:30,825.35,826.3,825.05,826.0,59907
2305,2024-05-10 10:10:00+05:30,826.15,826.45,825.7,826.3,53246
2306,2024-05-10 10:11:00+05:30,826.15,826.15,825.15,825.55,89234
2307,2024-05-10 10:12:00+05:30,825.55,825.55,824.2,824.25,115369
2308,2024-05-10 10:13:00+05:30,824.25,825.5,824.25,825.4,74668
2309,2024-05-10 10:14:00+05:30,825.4,825.7,825.0,825.2,39333
2310,2024-05-10 10:15:00+05:30,825.25,825.25,824.4,824.4,29491
2311,2024-05-10 10:16:00+05:30,824.7,825.0,823.8,825.0,63478
2312,2024-05-10 10:17:00+05:30,824.95,826.0,824.75,825.9,32268
2313,2024-05-10 10:18:00+05:30,825.95,826.2,824.85,824.85,58851
2314,2024-05-10 10:19:00+05:30,825.0,825.15,824.15,824.9,38692
2315,2024-05-10 10:20:00+05:30,824.95,824.95,823.85,824.15,29316
2316,2024-05-10 10:21:00+05:30,824.0,824.25,822.5,822.6,73578
2317,2024-05-10 10:22:00+05:30,822.6,824.3,822.55,824.3,62699
2318,2024-05-10 10:23:00+05:30,824.25,824.65,823.5,823.55,32488
2319,2024-05-10 10:24:00+05:30,823.85,824.55,823.05,824.4,69451
2320,2024-05-10 10:25:00+05:30,824.0,824.55,823.5,824.25,18996
2321,2024-05-10 10:26:00+05:30,824.45,825.05,824.25,824.6,47238
2322,2024-05-10 10:27:00+05:30,824.7,824.95,824.1,824.45,27609
2323,2024-05-10 10:28:00+05:30,824.1,825.1,824.0,824.55,23259
2324,2024-05-10 10:29:00+05:30,824.55,824.7,824.05,824.45,20932
2325,2024-05-10 10:30:00+05:30,824.5,825.35,824.3,825.35,32263
2326,2024-05-10 10:31:00+05:30,824.9,825.2,824.0,824.0,37662
2327,2024-05-10 10:32:00+05:30,824.0,825.05,823.7,824.7,31932
2328,2024-05-10 10:33:00+05:30,824.7,824.9,824.2,824.8,17675
2329,2024-05-10 10:34:00+05:30,824.5,825.55,824.5,825.3,61569
2330,2024-05-10 10:35:00+05:30,825.0,825.55,825.0,825.25,29693
2331,2024-05-10 10:36:00+05:30,825.3,825.55,825.0,825.0,21704
2332,2024-05-10 10:37:00+05:30,825.0,825.6,825.0,825.1,50775
2333,2024-05-10 10:38:00+05:30,825.05,825.35,824.4,824.65,28408
2334,2024-05-10 10:39:00+05:30,824.65,825.3,824.6,824.85,17105
2335,2024-05-10 10:40:00+05:30,825.0,825.3,824.7,825.05,28100
2336,2024-05-10 10:41:00+05:30,825.0,825.0,824.3,824.55,26922
2337,2024-05-10 10:42:00+05:30,824.75,825.0,824.3,824.35,35023
2338,2024-05-10 10:43:00+05:30,824.4,824.8,824.0,824.0,24608
2339,2024-05-10 10:44:00+05:30,824.0,824.65,823.9,824.5,13007
2340,2024-05-10 10:45:00+05:30,824.6,824.65,824.1,824.3,13648
2341,2024-05-10 10:46:00+05:30,824.3,824.6,823.0,823.35,36255
2342,2024-05-10 10:47:00+05:30,823.2,823.35,821.95,822.15,148968
2343,2024-05-10 10:48:00+05:30,822.15,823.0,822.0,822.9,28581
2344,2024-05-10 10:49:00+05:30,822.9,823.3,821.55,821.65,35089
2345,2024-05-10 10:50:00+05:30,821.8,822.0,821.25,821.75,23643
2346,2024-05-10 10:51:00+05:30,821.85,821.9,820.45,820.85,74658
2347,2024-05-10 10:52:00+05:30,820.65,821.0,820.2,820.8,31164
2348,2024-05-10 10:53:00+05:30,820.7,821.2,820.5,820.65,42841
2349,2024-05-10 10:54:00+05:30,820.75,821.2,820.55,821.05,27650
2350,2024-05-10 10:55:00+05:30,821.0,821.5,820.65,820.65,25084
2351,2024-05-10 10:56:00+05:30,820.65,821.6,820.5,821.5,18219
2352,2024-05-10 10:57:00+05:30,821.35,821.95,821.35,821.85,16159
2353,2024-05-10 10:58:00+05:30,821.85,821.9,821.55,821.7,16354
2354,2024-05-10 10:59:00+05:30,821.8,822.35,821.35,822.1,35505
2355,2024-05-10 11:00:00+05:30,821.7,822.2,821.55,822.0,15008
2356,2024-05-10 11:01:00+05:30,822.15,822.2,820.55,821.0,38492
2357,2024-05-10 11:02:00+05:30,820.8,821.25,819.45,819.7,114379
2358,2024-05-10 11:03:00+05:30,819.4,820.75,819.4,820.45,50325
2359,2024-05-10 11:04:00+05:30,820.7,821.0,820.4,820.8,10210
2360,2024-05-10 11:05:00+05:30,821.0,821.5,820.75,821.1,30942
2361,2024-05-10 11:06:00+05:30,821.25,821.9,821.0,821.5,19417
2362,2024-05-10 11:07:00+05:30,821.5,822.5,821.5,822.15,30969
2363,2024-05-10 11:08:00+05:30,822.55,822.75,822.0,822.6,28343
2364,2024-05-10 11:09:00+05:30,822.35,822.85,821.95,821.95,37647
2365,2024-05-10 11:10:00+05:30,821.8,822.4,821.5,822.35,20168
2366,2024-05-10 11:11:00+05:30,822.45,822.45,821.8,821.95,17568
2367,2024-05-10 11:12:00+05:30,822.35,822.5,822.05,822.4,17967
2368,2024-05-10 11:13:00+05:30,822.5,822.75,822.2,822.5,15002
2369,2024-05-10 11:14:00+05:30,822.5,822.55,821.75,822.3,37071
2370,2024-05-10 11:15:00+05:30,822.2,822.45,821.6,821.6,15185
2371,2024-05-10 11:16:00+05:30,821.55,821.85,821.3,821.55,24614
2372,2024-05-10 11:17:00+05:30,821.55,821.75,821.35,821.4,18334
2373,2024-05-10 11:18:00+05:30,821.4,821.5,820.65,821.5,49804
2374,2024-05-10 11:19:00+05:30,821.5,822.35,821.5,822.05,55236
2375,2024-05-10 11:20:00+05:30,822.05,822.4,821.85,821.95,34067
2376,2024-05-10 11:21:00+05:30,822.0,822.0,821.5,821.85,14784
2377,2024-05-10 11:22:00+05:30,821.8,822.0,821.75,821.9,16279
2378,2024-05-10 11:23:00+05:30,821.95,822.95,821.9,822.6,79474
2379,2024-05-10 11:24:00+05:30,822.95,823.5,822.8,823.5,40587
2380,2024-05-10 11:25:00+05:30,823.5,823.95,823.25,823.85,74173
2381,2024-05-10 11:26:00+05:30,823.8,824.0,823.5,823.75,34136
2382,2024-05-10 11:27:00+05:30,823.7,823.9,823.55,823.85,25063
2383,2024-05-10 11:28:00+05:30,823.85,823.85,822.1,822.1,52647
2384,2024-05-10 11:29:00+05:30,822.3,823.2,822.1,823.15,19873
2385,2024-05-10 11:30:00+05:30,823.2,823.45,823.0,823.15,34063
2386,2024-05-10 11:31:00+05:30,823.2,823.4,822.2,822.8,34276
2387,2024-05-10 11:32:00+05:30,822.8,823.4,822.7,823.4,13831
2388,2024-05-10 11:33:00+05:30,823.45,823.9,823.15,823.9,14926
2389,2024-05-10 11:34:00+05:30,823.9,823.95,823.6,823.9,17070
2390,2024-05-10 11:35:00+05:30,823.9,824.0,823.6,823.95,14324
2391,2024-05-10 11:36:00+05:30,823.95,824.0,823.0,823.4,46531
2392,2024-05-10 11:37:00+05:30,823.6,823.7,823.3,823.7,11111
2393,2024-05-10 11:38:00+05:30,823.55,823.7,822.9,823.2,22883
2394,2024-05-10 11:39:00+05:30,823.2,824.45,823.05,824.4,31112
2395,2024-05-10 11:40:00+05:30,824.45,824.45,823.45,823.75,14363
2396,2024-05-10 11:41:00+05:30,823.75,824.2,823.65,824.0,13600
2397,2024-05-10 11:42:00+05:30,824.2,824.25,823.9,824.25,11798
2398,2024-05-10 11:43:00+05:30,824.25,824.3,823.85,824.3,24497
2399,2024-05-10 11:44:00+05:30,824.3,824.95,824.25,824.3,31887
2400,2024-05-10 11:45:00+05:30,824.4,824.65,823.3,823.4,29076
2401,2024-05-10 11:46:00+05:30,823.55,823.85,823.05,823.6,11983
2402,2024-05-10 11:47:00+05:30,823.7,824.0,823.35,824.0,13139
2403,2024-05-10 11:48:00+05:30,823.9,824.3,823.75,823.9,22845
2404,2024-05-10 11:49:00+05:30,824.0,824.0,823.05,823.4,18470
2405,2024-05-10 11:50:00+05:30,823.4,824.1,823.35,823.95,17804
2406,2024-05-10 11:51:00+05:30,823.95,825.25,823.75,825.0,79933
2407,2024-05-10 11:52:00+05:30,825.0,825.6,824.8,825.3,81727
2408,2024-05-10 11:53:00+05:30,825.25,825.3,824.15,824.75,42237
2409,2024-05-10 11:54:00+05:30,824.75,825.0,824.35,825.0,22110
2410,2024-05-10 11:55:00+05:30,824.95,825.3,824.65,824.9,46890
2411,2024-05-10 11:56:00+05:30,825.0,825.0,824.15,824.5,16615
2412,2024-05-10 11:57:00+05:30,824.5,824.5,823.55,823.7,26122
2413,2024-05-10 11:58:00+05:30,823.7,824.15,823.0,824.1,44052
2414,2024-05-10 11:59:00+05:30,824.0,824.9,823.8,824.85,17978
2415,2024-05-10 12:00:00+05:30,824.9,825.0,824.7,825.0,36307
2416,2024-05-10 12:01:00+05:30,825.0,825.4,824.75,825.1,39658
2417,2024-05-10 12:02:00+05:30,825.1,825.2,824.3,824.95,15657
2418,2024-05-10 12:03:00+05:30,825.0,825.1,824.55,825.0,20843
2419,2024-05-10 12:04:00+05:30,825.0,825.0,824.4,824.7,9187
2420,2024-05-10 12:05:00+05:30,824.7,825.0,824.4,824.6,9740
2421,2024-05-10 12:06:00+05:30,824.8,825.05,824.5,825.0,31044
2422,2024-05-10 12:07:00+05:30,825.1,825.15,824.75,825.1,25807
2423,2024-05-10 12:08:00+05:30,825.1,825.2,824.75,825.1,20512
2424,2024-05-10 12:09:00+05:30,825.05,825.2,824.65,824.7,17697
2425,2024-05-10 12:10:00+05:30,824.8,825.2,824.55,825.0,22154
2426,2024-05-10 12:11:00+05:30,824.95,825.3,824.75,825.1,16641
2427,2024-05-10 12:12:00+05:30,825.1,825.2,824.1,824.35,27825
2428,2024-05-10 12:13:00+05:30,824.2,824.3,823.55,823.65,13487
2429,2024-05-10 12:14:00+05:30,823.65,824.3,823.6,824.05,12840
2430,2024-05-10 12:15:00+05:30,824.05,824.2,823.7,824.0,7765
2431,2024-05-10 12:16:00+05:30,823.75,824.7,823.75,824.7,14434
2432,2024-05-10 12:17:00+05:30,824.7,825.05,824.15,824.15,27955
2433,2024-05-10 12:18:00+05:30,824.15,824.75,823.7,824.0,15239
2434,2024-05-10 12:19:00+05:30,824.0,824.4,823.7,824.4,14682
2435,2024-05-10 12:20:00+05:30,824.5,824.9,824.35,824.75,15199
2436,2024-05-10 12:21:00+05:30,824.7,825.0,824.65,824.8,19465
2437,2024-05-10 12:22:00+05:30,824.85,825.0,823.8,824.15,29954
2438,2024-05-10 12:23:00+05:30,824.1,824.2,824.0,824.2,6095
2439,2024-05-10 12:24:00+05:30,824.2,824.2,823.3,823.3,26463
2440,2024-05-10 12:25:00+05:30,823.3,823.95,823.3,823.55,12511
2441,2024-05-10 12:26:00+05:30,823.6,823.6,822.0,822.3,31029
2442,2024-05-10 12:27:00+05:30,822.3,822.9,822.0,822.65,37140
2443,2024-05-10 12:28:00+05:30,822.65,823.0,822.35,823.0,28164
2444,2024-05-10 12:29:00+05:30,822.9,823.8,822.75,823.65,20201
2445,2024-05-10 12:30:00+05:30,823.55,824.15,823.35,824.15,15119
2446,2024-05-10 12:31:00+05:30,824.1,824.2,823.85,824.1,15142
2447,2024-05-10 12:32:00+05:30,823.9,824.75,823.9,824.75,14262
2448,2024-05-10 12:33:00+05:30,824.55,824.8,824.4,824.55,18120
2449,2024-05-10 12:34:00+05:30,824.5,824.7,824.25,824.5,6720
2450,2024-05-10 12:35:00+05:30,824.15,824.5,824.05,824.05,6648
2451,2024-05-10 12:36:00+05:30,824.0,824.65,823.8,824.45,58058
2452,2024-05-10 12:37:00+05:30,824.6,824.9,824.5,824.65,31038
2453,2024-05-10 12:38:00+05:30,824.8,824.95,824.2,824.5,35576
2454,2024-05-10 12:39:00+05:30,824.4,824.65,824.0,824.3,11789
2455,2024-05-10 12:40:00+05:30,824.45,824.7,823.85,823.85,20571
2456,2024-05-10 12:41:00+05:30,823.9,824.2,823.65,824.2,10293
2457,2024-05-10 12:42:00+05:30,824.05,824.55,824.05,824.35,11537
2458,2024-05-10 12:43:00+05:30,824.35,824.5,824.15,824.4,8684
2459,2024-05-10 12:44:00+05:30,824.4,824.4,824.1,824.25,3872
2460,2024-05-10 12:45:00+05:30,824.25,824.25,824.05,824.25,6048
2461,2024-05-10 12:46:00+05:30,824.1,824.25,822.7,823.1,38554
2462,2024-05-10 12:47:00+05:30,823.1,823.25,822.45,823.2,38770
2463,2024-05-10 12:48:00+05:30,823.1,823.5,822.75,822.9,31273
2464,2024-05-10 12:49:00+05:30,822.9,823.5,822.55,823.5,28125
2465,2024-05-10 12:50:00+05:30,823.4,824.0,823.3,823.75,9515
2466,2024-05-10 12:51:00+05:30,823.65,824.15,823.35,823.35,17772
2467,2024-05-10 12:52:00+05:30,823.45,823.95,823.1,823.45,15366
2468,2024-05-10 12:53:00+05:30,823.45,823.5,822.65,823.0,12904
2469,2024-05-10 12:54:00+05:30,823.0,823.35,822.55,822.9,12342
2470,2024-05-10 12:55:00+05:30,822.8,823.6,822.05,822.25,35122
2471,2024-05-10 12:56:00+05:30,822.25,822.8,822.25,822.55,11233
2472,2024-05-10 12:57:00+05:30,822.8,823.0,821.85,822.15,33673
2473,2024-05-10 12:58:00+05:30,822.15,822.15,821.0,821.45,52353
2474,2024-05-10 12:59:00+05:30,821.15,821.7,821.05,821.05,24797
2475,2024-05-10 13:00:00+05:30,821.05,821.2,819.8,820.1,119249
2476,2024-05-10 13:01:00+05:30,820.2,820.35,819.5,819.85,100467
2477,2024-05-10 13:02:00+05:30,819.85,821.5,819.7,821.2,61101
2478,2024-05-10 13:03:00+05:30,821.2,822.0,821.1,821.75,34870
2479,2024-05-10 13:04:00+05:30,821.3,821.7,820.5,821.3,53888
2480,2024-05-10 13:05:00+05:30,821.7,821.7,820.6,821.15,27678
2481,2024-05-10 13:06:00+05:30,821.25,821.7,821.15,821.5,18458
2482,2024-05-10 13:07:00+05:30,821.5,822.0,821.25,821.75,15520
2483,2024-05-10 13:08:00+05:30,821.75,821.95,821.25,821.4,24424
2484,2024-05-10 13:09:00+05:30,821.4,821.6,820.75,821.1,16959
2485,2024-05-10 13:10:00+05:30,820.75,821.3,820.3,820.6,20312
2486,2024-05-10 13:11:00+05:30,820.5,820.8,819.6,819.7,44577
2487,2024-05-10 13:12:00+05:30,819.7,820.65,819.6,820.4,32540
2488,2024-05-10 13:13:00+05:30,820.2,821.0,820.0,820.35,21161
2489,2024-05-10 13:14:00+05:30,820.35,820.95,820.15,820.9,20941
2490,2024-05-10 13:15:00+05:30,820.6,821.25,820.3,821.25,25588
2491,2024-05-10 13:16:00+05:30,821.25,821.8,821.15,821.75,33441
2492,2024-05-10 13:17:00+05:30,821.5,821.8,820.55,820.9,21440
2493,2024-05-10 13:18:00+05:30,820.7,820.95,820.25,820.8,17793
2494,2024-05-10 13:19:00+05:30,820.85,820.85,820.3,820.8,17882
2495,2024-05-10 13:20:00+05:30,820.85,821.35,820.45,820.9,26952
2496,2024-05-10 13:21:00+05:30,820.7,821.05,820.5,820.85,19423
2497,2024-05-10 13:22:00+05:30,820.65,820.9,820.2,820.3,34416
2498,2024-05-10 13:23:00+05:30,820.3,820.75,820.15,820.4,28173
2499,2024-05-10 13:24:00+05:30,820.3,820.35,819.8,820.0,31246
2500,2024-05-10 13:25:00+05:30,820.0,820.1,819.5,819.9,20836
2501,2024-05-10 13:26:00+05:30,819.9,820.2,819.55,819.85,25695
2502,2024-05-10 13:27:00+05:30,819.95,820.0,819.7,819.95,15593
2503,2024-05-10 13:28:00+05:30,819.95,820.5,819.85,819.95,64366
2504,2024-05-10 13:29:00+05:30,820.0,820.4,819.9,820.0,80471
2505,2024-05-10 13:30:00+05:30,820.0,821.5,819.95,821.4,65729
2506,2024-05-10 13:31:00+05:30,821.4,821.95,821.25,821.9,33668
2507,2024-05-10 13:32:00+05:30,821.9,822.4,821.85,822.3,29806
2508,2024-05-10 13:33:00+05:30,822.3,822.4,822.0,822.2,21565
2509,2024-05-10 13:34:00+05:30,822.2,822.25,821.4,821.65,36627
2510,2024-05-10 13:35:00+05:30,821.7,821.85,821.1,821.45,23407
2511,2024-05-10 13:36:00+05:30,821.45,821.55,821.0,821.35,15123
2512,2024-05-10 13:37:00+05:30,821.35,821.45,820.55,821.0,15978
2513,2024-05-10 13:38:00+05:30,821.0,821.0,820.55,820.7,13824
2514,2024-05-10 13:39:00+05:30,820.8,821.65,820.7,821.5,16046
2515,2024-05-10 13:40:00+05:30,821.5,821.8,821.1,821.75,14339
2516,2024-05-10 13:41:00+05:30,821.75,822.0,821.3,821.65,29258
2517,2024-05-10 13:42:00+05:30,821.8,821.95,821.4,821.95,11071
2518,2024-05-10 13:43:00+05:30,821.95,822.0,821.65,821.8,10226
2519,2024-05-10 13:44:00+05:30,821.85,821.95,821.4,821.55,17696
2520,2024-05-10 13:45:00+05:30,821.95,822.0,821.5,822.0,15565
2521,2024-05-10 13:46:00+05:30,822.0,822.0,821.05,821.5,15919
2522,2024-05-10 13:47:00+05:30,821.5,821.75,821.0,821.7,14473
2523,2024-05-10 13:48:00+05:30,821.7,821.9,821.15,821.9,11579
2524,2024-05-10 13:49:00+05:30,821.9,822.9,821.75,822.85,36156
2525,2024-05-10 13:50:00+05:30,822.85,823.15,822.6,822.95,19990
2526,2024-05-10 13:51:00+05:30,823.1,823.7,822.95,823.55,46171
2527,2024-05-10 13:52:00+05:30,823.55,823.55,823.35,823.4,12739
2528,2024-05-10 13:53:00+05:30,823.4,823.45,823.0,823.2,17753
2529,2024-05-10 13:54:00+05:30,823.05,823.2,822.45,823.05,22892
2530,2024-05-10 13:55:00+05:30,823.05,823.1,822.6,822.9,22154
2531,2024-05-10 13:56:00+05:30,822.75,823.0,822.55,822.6,6596
2532,2024-05-10 13:57:00+05:30,822.65,822.8,822.35,822.35,12007
2533,2024-05-10 13:58:00+05:30,822.5,822.6,822.0,822.6,13337
2534,2024-05-10 13:59:00+05:30,822.5,823.1,822.5,823.05,15346
2535,2024-05-10 14:00:00+05:30,823.15,823.2,822.5,822.7,6514
2536,2024-05-10 14:01:00+05:30,822.7,822.7,822.2,822.45,11723
2537,2024-05-10 14:02:00+05:30,822.35,822.6,822.05,822.2,10916
2538,2024-05-10 14:03:00+05:30,822.15,822.3,821.7,822.15,27384
2539,2024-05-10 14:04:00+05:30,822.15,822.5,821.7,821.85,10699
2540,2024-05-10 14:05:00+05:30,821.85,821.9,821.4,821.75,21266
2541,2024-05-10 14:06:00+05:30,821.85,822.55,821.75,822.55,21152
2542,2024-05-10 14:07:00+05:30,822.55,822.75,822.25,822.4,9127
2543,2024-05-10 14:08:00+05:30,822.4,822.55,822.05,822.3,14603
2544,2024-05-10 14:09:00+05:30,822.3,822.7,822.05,822.45,13066
2545,2024-05-10 14:10:00+05:30,822.45,822.65,822.3,822.6,5991
2546,2024-05-10 14:11:00+05:30,822.6,822.6,821.7,821.9,5658
2547,2024-05-10 14:12:00+05:30,821.95,822.0,821.5,821.7,13350
2548,2024-05-10 14:13:00+05:30,821.7,821.7,821.0,821.45,21258
2549,2024-05-10 14:14:00+05:30,821.4,821.95,821.4,821.9,14669
2550,2024-05-10 14:15:00+05:30,821.9,822.0,821.55,821.65,10421
2551,2024-05-10 14:16:00+05:30,821.65,821.95,821.2,821.95,27285
2552,2024-05-10 14:17:00+05:30,821.95,822.2,821.0,821.2,35344
2553,2024-05-10 14:18:00+05:30,821.15,821.4,820.8,820.95,22890
2554,2024-05-10 14:19:00+05:30,820.95,821.0,820.3,821.0,24975
2555,2024-05-10 14:20:00+05:30,821.15,821.2,820.75,821.0,21460
2556,2024-05-10 14:21:00+05:30,821.0,821.25,820.75,821.0,14973
2557,2024-05-10 14:22:00+05:30,821.05,821.05,820.35,821.0,13158
2558,2024-05-10 14:23:00+05:30,821.0,821.2,820.6,821.1,15966
2559,2024-05-10 14:24:00+05:30,821.05,821.2,820.8,821.05,16534
2560,2024-05-10 14:25:00+05:30,821.05,821.15,820.65,820.95,19138
2561,2024-05-10 14:26:00+05:30,820.85,820.95,820.35,820.7,19417
2562,2024-05-10 14:27:00+05:30,820.7,821.05,820.15,820.15,12568
2563,2024-05-10 14:28:00+05:30,820.25,820.45,819.5,820.25,69915
2564,2024-05-10 14:29:00+05:30,820.35,820.6,820.0,820.25,32614
2565,2024-05-10 14:30:00+05:30,820.05,820.7,820.0,820.65,22932
2566,2024-05-10 14:31:00+05:30,820.8,821.1,820.4,821.05,18808
2567,2024-05-10 14:32:00+05:30,821.05,821.1,820.2,820.75,23625
2568,2024-05-10 14:33:00+05:30,820.7,820.8,820.05,820.25,24329
2569,2024-05-10 14:34:00+05:30,820.35,820.4,819.9,820.25,29328
2570,2024-05-10 14:35:00+05:30,820.25,820.35,819.55,819.6,39524
2571,2024-05-10 14:36:00+05:30,819.55,819.75,818.5,818.8,90410
2572,2024-05-10 14:37:00+05:30,818.95,819.55,818.8,819.15,29977
2573,2024-05-10 14:38:00+05:30,819.2,819.3,818.7,818.95,24132
2574,2024-05-10 14:39:00+05:30,818.9,818.95,818.05,818.55,57727
2575,2024-05-10 14:40:00+05:30,818.55,819.0,818.15,819.0,37859
2576,2024-05-10 14:41:00+05:30,819.0,819.45,818.75,819.25,39257
2577,2024-05-10 14:42:00+05:30,819.3,819.95,819.05,819.65,23082
2578,2024-05-10 14:43:00+05:30,819.6,820.5,819.2,820.45,67390
2579,2024-05-10 14:44:00+05:30,820.45,820.75,820.0,820.75,34438
2580,2024-05-10 14:45:00+05:30,820.95,821.65,820.35,821.65,84787
2581,2024-05-10 14:46:00+05:30,821.65,821.7,820.5,820.8,32581
2582,2024-05-10 14:47:00+05:30,820.8,820.8,820.05,820.3,77126
2583,2024-05-10 14:48:00+05:30,820.3,820.5,819.25,819.45,23721
2584,2024-05-10 14:49:00+05:30,819.35,819.95,819.25,819.6,28235
2585,2024-05-10 14:50:00+05:30,819.6,820.05,819.2,819.55,48930
2586,2024-05-10 14:51:00+05:30,819.85,820.1,819.35,819.9,27871
2587,2024-05-10 14:52:00+05:30,819.85,820.1,819.5,819.75,16263
2588,2024-05-10 14:53:00+05:30,819.85,820.35,819.6,819.75,28260
2589,2024-05-10 14:54:00+05:30,819.65,820.9,819.65,820.8,41131
2590,2024-05-10 14:55:00+05:30,820.85,820.85,820.3,820.6,41840
2591,2024-05-10 14:56:00+05:30,820.6,820.6,820.05,820.45,12269
2592,2024-05-10 14:57:00+05:30,820.45,820.45,819.3,819.6,42592
2593,2024-05-10 14:58:00+05:30,819.6,819.9,819.3,819.4,27051
2594,2024-05-10 14:59:00+05:30,819.3,819.7,819.0,819.5,52659
2595,2024-05-10 15:00:00+05:30,819.2,819.8,819.0,819.2,95777
2596,2024-05-10 15:01:00+05:30,819.1,820.35,819.0,820.25,58241
2597,2024-05-10 15:02:00+05:30,820.15,820.75,820.05,820.3,56204
2598,2024-05-10 15:03:00+05:30,820.3,820.55,820.0,820.1,42983
2599,2024-05-10 15:04:00+05:30,820.15,820.15,819.05,819.25,79905
2600,2024-05-10 15:05:00+05:30,819.3,819.3,818.1,818.3,92054
2601,2024-05-10 15:06:00+05:30,818.2,818.5,817.5,818.25,113817
2602,2024-05-10 15:07:00+05:30,818.0,818.85,817.75,818.4,50442
2603,2024-05-10 15:08:00+05:30,818.45,818.9,818.25,818.6,58653
2604,2024-05-10 15:09:00+05:30,818.5,818.8,818.1,818.2,40873
2605,2024-05-10 15:10:00+05:30,818.15,818.55,817.6,817.6,52237
2606,2024-05-10 15:11:00+05:30,817.85,817.85,816.6,816.6,130367
2607,2024-05-10 15:12:00+05:30,817.0,817.05,816.45,816.85,105439
2608,2024-05-10 15:13:00+05:30,816.5,817.3,816.5,816.7,99092
2609,2024-05-10 15:14:00+05:30,816.5,816.95,816.0,816.5,123540
2610,2024-05-10 15:15:00+05:30,816.35,817.1,816.2,816.95,134085
2611,2024-05-10 15:16:00+05:30,816.85,817.3,816.1,816.7,155456
2612,2024-05-10 15:17:00+05:30,816.7,816.95,816.05,816.5,90669
2613,2024-05-10 15:18:00+05:30,816.55,817.15,815.6,816.6,145457
2614,2024-05-10 15:19:00+05:30,816.95,816.95,816.05,816.5,79754
2615,2024-05-10 15:20:00+05:30,816.5,816.8,815.65,816.6,169920
2616,2024-05-10 15:21:00+05:30,816.3,816.85,816.05,816.65,76284
2617,2024-05-10 15:22:00+05:30,816.65,816.7,816.15,816.15,58343
2618,2024-05-10 15:23:00+05:30,816.5,817.25,816.25,816.55,75226
2619,2024-05-10 15:24:00+05:30,816.65,817.25,816.55,816.85,71262
2620,2024-05-10 15:25:00+05:30,817.1,817.55,816.8,817.4,47022
2621,2024-05-10 15:26:00+05:30,817.3,817.45,816.55,816.95,87103
2622,2024-05-10 15:27:00+05:30,817.15,817.15,816.25,816.45,49659
2623,2024-05-10 15:28:00+05:30,816.65,817.1,816.25,816.7,32065
2624,2024-05-10 15:29:00+05:30,816.5,817.15,816.2,816.85,65348
